step,avg_delay,avg_queue,max_queue,throughput,cumulative_reward
1000,42.27710843373494,1.3333333333333333,2,0,-88.8875502008032
1001,42.433734939759034,1.3333333333333333,2,0,-178.0883534136546
1002,41.18072289156626,1.3333333333333333,2,2,-258.78313253012044
1003,41.109756097560975,1.1666666666666667,2,1,-342.16931139190905
1004,40.25595238095238,1.0833333333333333,2,0,-426.7645494871471
1005,40.126506024096386,0.8333333333333334,2,1,-507.8508948686732
1006,40.2289156626506,0.6666666666666666,2,0,-591.975392860641
1007,40.31927710843374,0.6666666666666666,2,0,-676.2806137441752
1008,40.40963855421687,0.6666666666666666,2,0,-760.7665575192756
1009,40.506024096385545,0.9166666666666666,2,0,-845.6952723787133
1010,41.073170731707314,0.9166666666666666,2,1,-928.7582805087945
1011,40.68674698795181,1.0833333333333333,2,0,-1014.2151078180315
1012,40.795180722891565,1.25,2,0,-1100.0554692638145
1013,40.89156626506024,1.1666666666666667,2,0,-1186.0052684606017
1014,41.01807228915663,1.1666666666666667,2,0,-1272.2080797055817
1015,41.16867469879518,1.25,2,0,-1358.795429103172
1016,41.30722891566265,1.25,2,0,-1445.6598869344973
1017,41.0,1.25,2,0,-1531.9098869344973
1018,41.18452380952381,1.25,2,0,-1618.528934553545
1019,41.36904761904762,1.3333333333333333,2,0,-1705.6003631249737
1020,41.55357142857143,1.3333333333333333,2,0,-1793.0408393154498
1021,41.27058823529412,1.3333333333333333,2,0,-1879.9153491193715
1022,40.45238095238095,1.3333333333333333,2,2,-1959.1534443574667
1023,39.626506024096386,1.3333333333333333,2,2,-2036.7397897389928
1024,39.36904761904762,1.3333333333333333,2,0,-2119.8112183104213
1025,39.56547619047619,1.3333333333333333,2,0,-2203.275504024707
1026,39.74404761904762,1.3333333333333333,2,0,-2287.0969325961355
1027,39.916666666666664,1.0,2,0,-2370.930265929469
1028,39.6,0.8333333333333334,2,0,-2453.9635992628023
1029,39.741176470588236,0.6666666666666666,2,0,-2537.1126188706453
1030,39.44186046511628,0.75,2,0,-2619.7463398008776
1031,39.61046511627907,0.6666666666666666,2,0,-2702.6339367001024
1032,39.298850574712645,0.6666666666666666,2,0,-2784.8983045161945
1033,39.49425287356322,0.9166666666666666,2,0,-2867.8034769299875
1034,39.660919540229884,1.0,2,0,-2951.125316010447
1035,39.833333333333336,1.1666666666666667,2,0,-3034.9586493437805
1036,40.01724137931034,1.3333333333333333,2,0,-3119.3264654357345
1037,39.72727272727273,1.3333333333333333,2,0,-3203.1143442236134
1038,39.91477272727273,1.3333333333333333,2,0,-3287.2772230114924
1039,40.09659090909091,1.3333333333333333,2,0,-3371.8037381630074
1040,40.26704545454545,1.3333333333333333,2,0,-3456.6711624054315
1041,40.44886363636363,1.3333333333333333,2,0,-3541.902223011492
1042,40.64204545454545,1.3333333333333333,2,0,-3627.519647253916
1043,40.37640449438202,1.4166666666666667,2,0,-3712.6891229093467
1044,40.56741573033708,1.4166666666666667,2,0,-3798.2406210366876
1045,40.30555555555556,1.4166666666666667,2,0,-3883.2683988144654
1046,40.032967032967036,1.3333333333333333,2,0,-3967.667666213733
1047,38.84065934065934,1.3333333333333333,2,2,-4043.6823182283847
1048,38.78333333333333,1.1666666666666667,2,1,-4122.415651561718
1049,38.92777777777778,1.0833333333333333,2,0,-4204.354540450607
1050,39.03333333333333,0.8333333333333334,2,0,-4286.254540450606
1051,39.57865168539326,0.8333333333333334,2,1,-4366.245177154726
1052,39.47727272727273,0.6666666666666666,2,1,-4445.866389275938
1053,39.56818181818182,0.6666666666666666,2,0,-4528.669419578968
1054,39.69886363636363,1.0,2,0,-4612.067146851695
1055,39.8125,1.0,2,0,-4695.692146851695
1056,39.92613636363637,1.0,2,0,-4779.544419578968
1057,40.05113636363637,1.25,2,0,-4863.896692306241
1058,40.17613636363637,1.1666666666666667,2,0,-4948.41563170018
1059,40.32386363636363,1.1666666666666667,2,0,-5033.230025639574
1060,40.45454545454545,1.1666666666666667,2,0,-5118.305783215332
1061,40.56818181818182,1.25,2,0,-5203.692146851696
1062,40.71022727272727,1.25,2,0,-5289.362601397151
1063,40.86363636363637,1.25,2,0,-5375.339874124424
1064,41.01704545454545,1.3333333333333333,2,0,-5461.707298366848
1065,41.18181818181818,1.3333333333333333,2,0,-5548.404268063818
1066,41.36363636363637,1.3333333333333333,2,0,-5635.464874124424
1067,40.10227272727273,1.3333333333333333,2,2,-5714.002752912303
1068,40.01149425287356,1.3333333333333333,2,1,-5795.359074751383
1069,39.45977011494253,1.3333333333333333,2,1,-5875.611948314601
1070,39.62068965517241,1.3333333333333333,2,0,-5959.186660958279
1071,39.78735632183908,1.0,2,0,-6042.7613736019575
1072,40.406976744186046,0.9166666666666666,2,1,-6124.491993756997
1073,40.5406976744186,0.75,2,0,-6209.3233891058335
1074,40.69186046511628,0.75,2,0,-6294.457110036066
1075,40.81976744186046,0.6666666666666666,2,0,-6379.763311586454
1076,40.97093023255814,0.6666666666666666,2,0,-6465.371838718237
1077,41.151162790697676,0.75,2,0,-6551.424164299632
1078,41.14705882352941,1.0,2,1,-6634.718281946691
1079,41.32941176470588,1.1666666666666667,2,0,-6721.543772142769
1080,41.49411764705882,1.3333333333333333,2,0,-6808.8653407702195
1081,42.154761904761905,1.3333333333333333,2,1,-6894.508197913076
1082,42.351190476190474,1.3333333333333333,2,0,-6983.543912198791
1083,42.55952380952381,1.3333333333333333,2,0,-7072.996293151172
1084,42.76190476190476,1.3333333333333333,2,0,-7162.853436008315
1085,42.982142857142854,1.3333333333333333,2,0,-7253.151055055934
1086,43.208333333333336,1.3333333333333333,2,0,-7343.901055055934
1087,43.42261904761905,1.3333333333333333,2,0,-7435.079626484506
1088,43.63690476190476,1.3333333333333333,2,0,-7526.686769341649
1089,43.86904761904762,1.3333333333333333,2,0,-7618.758197913077
1090,43.0406976744186,1.3333333333333333,2,0,-7709.172926595248
1091,42.22352941176471,1.3333333333333333,2,2,-7791.953318752111
1092,40.94117647058823,1.3333333333333333,2,2,-7872.169005026621
1093,41.076470588235296,1.1666666666666667,2,0,-7958.488612869758
1094,41.205882352941174,1.0,2,0,-8044.90037757564
1095,41.31764705882353,0.8333333333333334,2,0,-8131.3690050266205
1096,41.411764705882355,0.9166666666666666,2,0,-8218.109201105051
1097,41.5,0.6666666666666666,2,0,-8304.775867771717
1098,41.57058823529412,0.6666666666666666,2,0,-8391.583710908972
1099,41.65294117647059,1.0,2,0,-8478.889593261913
1100,41.741176470588236,1.0,2,0,-8566.37194620309
1101,41.82941176470588,1.1666666666666667,2,0,-8654.197436399169
1102,41.911764705882355,1.25,2,0,-8742.270965810932
1103,41.99411764705882,1.1666666666666667,2,0,-8830.425867771717
1104,42.11176470588235,1.1666666666666667,2,0,-8918.816063850149
1105,42.241176470588236,1.1666666666666667,2,0,-9007.465083457992
1106,42.39411764705882,1.25,2,0,-9096.50331875211
1107,42.57058823529412,1.25,2,0,-9185.894495222698
1108,42.758823529411764,1.25,2,0,-9275.66214228152
1109,42.95882352941177,1.3333333333333333,2,0,-9365.913122673677
1110,43.13529411764706,1.3333333333333333,2,0,-9456.517044242304
1111,43.05952380952381,1.3333333333333333,2,1,-9543.969425194686
1112,41.94705882352941,1.3333333333333333,2,1,-9629.196876175078
1113,40.582352941176474,1.0,2,2,-9708.36158205743
1114,40.741176470588236,0.9166666666666666,2,0,-9793.760601665273
1115,40.870588235294115,0.6666666666666666,2,0,-9879.168444802528
1116,40.52325581395349,0.75,2,0,-9963.964956430435
1117,40.645348837209305,0.6666666666666666,2,0,-10048.92232077152
1118,40.74418604651163,0.6666666666666666,2,0,-10134.077359531211
1119,40.848837209302324,0.6666666666666666,2,0,-10219.441700616482
1120,40.94186046511628,0.6666666666666666,2,0,-10304.992088213381
1121,41.02906976744186,0.6666666666666666,2,0,-10390.71689441493
1122,41.08720930232558,0.6666666666666666,2,0,-10476.55797968625
1123,41.156976744186046,0.6666666666666666,2,0,-10562.538599841288
1124,41.23837209302326,1.0,2,0,-10649.015344027333
1125,41.33139534883721,1.0,2,0,-10735.678134725007
1126,41.43023255813954,1.0,2,0,-10822.538599841286
1127,41.54651162790697,1.3333333333333333,2,0,-10909.964956430433
1128,41.674418604651166,1.3333333333333333,2,0,-10997.647126973068
1129,41.83139534883721,1.3333333333333333,2,0,-11085.643251004076
1130,41.04545454545455,1.3333333333333333,2,0,-11172.067493428318
1131,41.22159090909091,1.3333333333333333,2,0,-11258.844008579834
1132,40.943820224719104,1.3333333333333333,2,0,-11345.064982362604
1133,40.17613636363637,1.3333333333333333,2,2,-11423.75058842321
1134,39.79651162790697,1.3333333333333333,2,2,-11501.676945012357
1135,39.9593023255814,1.3333333333333333,2,0,-11585.928882996854
1136,39.9,1.3333333333333333,2,1,-11667.062216330187
1137,39.62048192771084,1.1666666666666667,2,2,-11744.469846852275
1138,39.0722891566265,1.0,2,1,-11823.614425165528
1139,39.22289156626506,0.8333333333333334,2,0,-11905.89354163139
1140,38.875,0.6666666666666666,2,0,-11987.310208298057
1141,38.964285714285715,0.6666666666666666,2,0,-12068.905446393295
1142,38.61176470588235,0.6666666666666666,2,0,-12149.795642471727
1143,38.705882352941174,1.0,2,0,-12231.20740717761
1144,38.30813953488372,0.9166666666666666,2,0,-12311.740352914043
1145,38.325581395348834,1.1666666666666667,2,1,-12389.558182371407
1146,38.372093023255815,1.25,2,0,-12470.552368417919
1147,38.41860465116279,1.1666666666666667,2,0,-12551.556244386911
1148,38.5,1.1666666666666667,2,0,-12632.722911053577
1149,38.593023255813954,1.25,2,0,-12714.158957565205
1150,38.68604651162791,1.25,2,0,-12795.78105058846
1151,38.83720930232558,1.25,2,0,-12877.705469193112
1152,39.00581395348837,1.25,2,0,-12959.967097100089
1153,39.174418604651166,1.3333333333333333,2,0,-13042.649267642724
1154,39.377906976744185,1.3333333333333333,2,0,-13125.738414929547
1155,38.843023255813954,1.3333333333333333,2,1,-13204.757794774509
1156,38.2906976744186,1.3333333333333333,2,1,-13282.672523456678
1157,37.423529411764704,1.3333333333333333,2,2,-13355.852915613541
1158,37.18023255813954,1.25,2,0,-13434.46338072982
1159,37.372093023255815,1.0,2,0,-13513.207566776331
1160,37.5406976744186,1.0,2,0,-13592.288962125169
1161,37.69767441860465,0.6666666666666666,2,0,-13671.350977629045
1162,37.86046511627907,0.75,2,0,-13750.821907861602
1163,38.44117647058823,0.6666666666666666,2,1,-13828.370927469445
1164,38.59411764705882,0.6666666666666666,2,0,-13909.225829430228
1165,38.28488372093023,1.0,2,0,-13989.795596872089
1166,38.406976744186046,1.0,2,0,-14070.609550360461
1167,38.54651162790697,1.25,2,0,-14151.952573616276
1168,38.68604651162791,1.3333333333333333,2,0,-14233.657999972866
1169,38.81395348837209,1.3333333333333333,2,0,-14315.619240282944
1170,38.97674418604651,1.3333333333333333,2,0,-14397.90606198837
1171,39.11046511627907,1.3333333333333333,2,0,-14480.46032555426
1172,39.27325581395349,1.3333333333333333,2,0,-14563.340170515501
1173,39.45348837209303,1.3333333333333333,2,0,-14646.58048059302
1174,39.63953488372093,1.3333333333333333,2,0,-14730.192883693795
1175,39.825581395348834,1.3333333333333333,2,0,-14814.177379817826
1176,40.02325581395349,1.3333333333333333,2,0,-14898.557224779066
1177,40.19186046511628,1.3333333333333333,2,0,-14983.274279042633
1178,39.42045454545455,1.3333333333333333,2,0,-15066.448521466875
1179,37.96551724137931,1.25,2,3,-15137.629555949634
1180,37.854651162790695,1.1666666666666667,2,1,-15214.505524941882
1181,37.55172413793103,1.0,2,0,-15293.608973217744
1182,37.660919540229884,0.8333333333333334,2,0,-15372.764145631538
1183,37.775862068965516,0.75,2,0,-15452.065869769469
1184,37.867816091954026,0.6666666666666666,2,0,-15531.468168620044
1185,37.94827586206897,0.6666666666666666,2,0,-15611.031387010848
1186,38.05172413793103,1.0,2,0,-15691.13483528671
1187,38.54651162790697,1.0,2,1,-15769.227858542525
1188,38.645348837209305,1.25,2,0,-15850.768556216943
1189,38.75,1.1666666666666667,2,0,-15932.435222883609
1190,38.86046511627907,1.1666666666666667,2,0,-16014.322819782834
1191,38.97674418604651,1.1666666666666667,2,0,-16096.442974821593
1192,39.116279069767444,1.1666666666666667,2,0,-16178.842199627796
1193,39.25,1.25,2,0,-16261.592199627796
1194,39.424418604651166,1.25,2,0,-16344.691036837097
1195,39.616279069767444,1.25,2,0,-16428.173594976633
1196,39.80232558139535,1.3333333333333333,2,0,-16512.111579472756
1197,40.01162790697674,1.3333333333333333,2,0,-16596.468168620042
1198,39.654761904761905,1.3333333333333333,2,2,-16674.1110257629
1199,38.93023255813954,1.3333333333333333,2,0,-16756.30482421251
1200,38.811764705882354,1.3333333333333333,2,1,-16835.26168695761
1201,38.10344827586207,1.25,2,0,-16915.718583509333
1202,38.2816091954023,1.0,2,0,-16996.28180190014
1203,38.63529411764706,0.9166666666666666,2,2,-17071.4690568021
1204,38.811764705882354,0.75,2,0,-17152.842586213865
1205,38.98823529411764,0.75,2,0,-17234.5690568021
1206,39.15294117647059,0.6666666666666666,2,0,-17316.541605821705
1207,39.31764705882353,0.6666666666666666,2,0,-17398.843566606018
1208,39.51176470588236,0.9166666666666666,2,0,-17481.78376268445
1209,39.66470588235294,1.0,2,0,-17565.113174449154
1210,39.81764705882353,1.3333333333333333,2,0,-17649.081801900134
1211,39.970588235294116,1.3333333333333333,2,0,-17733.356311704058
1212,40.11176470588235,1.3333333333333333,2,0,-17817.913174449157
1213,40.28823529411765,1.3333333333333333,2,0,-17902.822978370725
1214,40.476470588235294,1.3333333333333333,2,0,-17988.109252880527
1215,40.67058823529412,1.3333333333333333,2,0,-18073.78376268445
1216,40.86470588235294,1.3333333333333333,2,0,-18159.846507782488
1217,41.07058823529412,1.3333333333333333,2,0,-18246.321017586408
1218,41.27647058823529,1.3333333333333333,2,0,-18333.207292096213
1219,41.48235294117647,1.3333333333333333,2,0,-18420.5053313119
1220,41.43452380952381,1.3333333333333333,2,1,-18504.70771226428
1221,40.17857142857143,1.3333333333333333,2,2,-18583.398188454757
1222,40.10843373493976,1.3333333333333333,2,1,-18664.94838925797
1223,39.34117647058824,1.1666666666666667,2,0,-18747.797408865812
1224,39.48235294117647,1.0,2,0,-18830.762114748166
1225,39.60588235294118,0.8333333333333334,2,0,-18913.807212787382
1226,39.73529411764706,0.6666666666666666,2,0,-18996.944467689344
1227,39.84117647058824,0.6666666666666666,2,0,-19080.293487297185
1228,39.93529411764706,0.6666666666666666,2,0,-19163.830742199145
1229,40.023529411764706,1.0,2,1,-19244.877801022674
1230,40.1,0.9166666666666666,2,0,-19328.99446768934
1231,40.17058823529412,1.0833333333333333,2,0,-19413.41897749326
1232,40.258823529411764,1.1666666666666667,2,0,-19498.10329121875
1233,40.33529411764706,1.1666666666666667,2,0,-19582.940546120713
1234,40.45294117647059,1.1666666666666667,2,0,-19668.013095140323
1235,40.56470588235294,1.25,2,0,-19753.392506905027
1236,40.6764705882353,1.25,2,0,-19838.9954480815
1237,40.84705882352941,1.25,2,0,-19924.939565728557
1238,41.01764705882353,1.25,2,0,-20011.224859846203
1239,41.205882352941174,1.3333333333333333,2,0,-20097.96995788542
1240,41.411764705882355,1.3333333333333333,2,0,-20185.126820630518
1241,40.55952380952381,1.3333333333333333,2,2,-20264.5792015829
1242,39.5,1.3333333333333333,2,1,-20344.91253491623
1243,39.65294117647059,1.25,2,0,-20428.468417269174
1244,38.89655172413793,1.0,2,0,-20510.26152071745
1245,38.76744186046512,0.75,2,1,-20588.54640443838
1246,38.901162790697676,0.75,2,0,-20670.098730019778
1247,39.0406976744186,0.6666666666666666,2,0,-20751.84679203528
1248,39.156976744186046,0.6666666666666666,2,0,-20833.82741219032
1249,39.28488372093023,0.6666666666666666,2,0,-20916.063846298846
1250,39.41860465116279,0.9166666666666666,2,0,-20998.81772226784
1251,39.51744186046512,1.0,2,0,-21081.85260598877
1252,39.622093023255815,1.3333333333333333,2,0,-21165.430125368614
1253,39.73837209302326,1.3333333333333333,2,0,-21249.240202887995
1254,39.843023255813954,1.3333333333333333,2,0,-21333.259582732957
1255,39.98837209302326,1.3333333333333333,2,0,-21417.56966025234
1256,40.127906976744185,1.3333333333333333,2,0,-21502.15880753916
1257,40.27325581395349,1.3333333333333333,2,0,-21587.0386525004
1258,40.47674418604651,1.3333333333333333,2,0,-21672.325474205827
1259,40.66860465116279,1.3333333333333333,2,0,-21757.996016841487
1260,40.877906976744185,1.3333333333333333,2,0,-21844.085164128308
1261,41.116279069767444,1.3333333333333333,2,0,-21930.651055601174
1262,41.31976744186046,1.3333333333333333,2,0,-22017.623923818228
1263,40.06395348837209,1.3333333333333333,2,2,-22096.085164128304
1264,39.75595238095238,1.25,2,2,-22173.84706889021
1265,39.00581395348837,1.1666666666666667,2,0,-22256.025363463854
1266,39.16860465116279,1.0833333333333333,2,0,-22338.445906099514
1267,39.77058823529412,0.8333333333333334,2,1,-22418.820415903436
1268,39.92941176470588,0.75,2,0,-22502.429239432848
1269,40.05294117647059,0.6666666666666666,2,0,-22586.201788452454
1270,40.18235294117647,0.6666666666666666,2,0,-22670.233161001473
1271,40.31764705882353,0.9166666666666666,2,0,-22754.785121785786
1272,40.411764705882355,1.0,2,0,-22839.60865119755
1273,40.51764705882353,1.1666666666666667,2,0,-22924.810611981866
1274,40.588235294117645,1.25,2,0,-23010.2370825701
1275,40.641176470588235,1.1666666666666667,2,0,-23095.686102177944
1276,40.752941176470586,1.1666666666666667,2,0,-23181.35865119755
1277,40.84117647058824,1.1666666666666667,2,0,-23267.207670805394
1278,40.94705882352941,1.25,2,0,-23353.35178845245
1279,41.076470588235296,1.25,2,0,-23439.754729628923
1280,41.252941176470586,1.25,2,0,-23526.510611981863
1281,41.44117647058823,1.3333333333333333,2,0,-23613.726298256373
1282,41.641176470588235,1.3333333333333333,2,0,-23701.34198453088
1283,41.84117647058824,1.3333333333333333,2,0,-23789.35767080539
1284,40.529411764705884,1.3333333333333333,2,2,-23868.749827668136
1285,40.16867469879518,1.3333333333333333,2,2,-23947.42051039906
1286,39.411764705882355,1.3333333333333333,2,0,-24030.57737314416
1287,39.576470588235296,1.3333333333333333,2,0,-24114.063647653962
1288,39.741176470588236,1.0,2,0,-24197.54600059514
1289,39.90588235294118,0.9166666666666666,2,0,-24281.27443196769
1290,40.04705882352941,0.6666666666666666,2,0,-24365.035216281416
1291,40.194117647058825,0.75,2,0,-24449.173451575534
1292,40.791666666666664,0.6666666666666666,2,1,-24531.423451575534
1293,40.92857142857143,0.6666666666666666,2,0,-24616.947261099343
1294,41.089285714285715,0.6666666666666666,2,0,-24702.79249919458
1295,40.72352941176471,1.0,2,0,-24788.23955801811
1296,40.84705882352941,1.1666666666666667,2,0,-24874.100342331836
1297,40.976470588235294,1.3333333333333333,2,0,-24960.38661684164
1298,41.1,1.3333333333333333,2,0,-25046.91995017497
1299,41.247058823529414,1.3333333333333333,2,0,-25133.747401155364
1300,41.4,1.3333333333333333,2,0,-25220.8807344887
1301,41.55294117647059,1.3333333333333333,2,0,-25308.319950174973
1302,41.752941176470586,1.3333333333333333,2,0,-25396.15916586125
1303,41.95882352941177,1.3333333333333333,2,0,-25484.410146253405
1304,42.16470588235294,1.3333333333333333,2,0,-25573.072891351443
1305,42.38823529411765,1.3333333333333333,2,0,-25662.18269527301
1306,42.59411764705882,1.3333333333333333,2,0,-25751.70426390046
1307,41.3,1.3333333333333333,2,2,-25832.637597233796
1308,40.752941176470586,1.3333333333333333,2,1,-25915.47681292007
1309,40.917647058823526,1.1666666666666667,2,0,-26001.478773704384
1310,40.358823529411765,1.0,2,1,-26083.196420763208
1311,40.5,0.8333333333333334,2,0,-26168.02975409654
1312,40.66470588235294,0.6666666666666666,2,0,-26253.025832527914
1313,40.805882352941175,0.6666666666666666,2,0,-26338.304263900463
1314,40.44186046511628,0.6666666666666666,2,0,-26422.854651497364
1315,40.58139534883721,1.0,2,0,-26508.01744219504
1316,40.69186046511628,0.9166666666666666,2,0,-26593.31782979194
1317,40.80232558139535,1.1666666666666667,2,0,-26679.0891476214
1318,40.91860465116279,1.25,2,0,-26765.176356923723
1319,41.00581395348837,1.1666666666666667,2,0,-26851.354651497368
1320,41.133720930232556,1.1666666666666667,2,0,-26937.7887600245
1321,41.26744186046512,1.1666666666666667,2,0,-27024.490310412097
1322,41.406976744186046,1.25,2,0,-27111.554263900467
1323,41.58139534883721,1.25,2,0,-27198.967054598143
1324,41.77906976744186,1.25,2,0,-27286.775194133028
1325,41.97093023255814,1.3333333333333333,2,0,-27375.05038793148
1326,42.16860465116279,1.3333333333333333,2,0,-27463.72093056714
1327,42.36046511627907,1.3333333333333333,2,0,-27552.77519413303
1328,40.73529411764706,1.3333333333333333,2,3,-27629.579115701657
1329,40.63095238095238,1.25,2,1,-27712.091020463562
1330,40.311764705882354,1.0,2,1,-27793.714549875327
1331,40.44705882352941,0.8333333333333334,2,0,-27878.44200085572
1332,40.576470588235296,0.75,2,0,-27963.344942032192
1333,40.705882352941174,0.6666666666666666,2,0,-28048.42337340474
1334,40.82941176470588,0.6666666666666666,2,0,-28133.74886360082
1335,40.95294117647059,0.6666666666666666,2,0,-28219.32141262043
1336,41.1,1.0,2,0,-28305.52141262043
1337,41.21764705882353,1.0,2,0,-28391.956706738078
1338,41.32941176470588,1.3333333333333333,2,0,-28478.94886360082
1339,41.423529411764704,1.3333333333333333,2,0,-28566.129255757685
1340,41.49411764705882,1.3333333333333333,2,0,-28653.450824385138
1341,41.62352941176471,1.3333333333333333,2,0,-28741.031216542
1342,41.752941176470586,1.3333333333333333,2,0,-28828.870432228276
1343,41.88823529411765,1.3333333333333333,2,0,-28916.980236149844
1344,42.07058823529412,1.3333333333333333,2,0,-29005.454745953764
1345,42.27058823529412,1.3333333333333333,2,0,-29094.329255757686
1346,42.470588235294116,1.3333333333333333,2,0,-29183.60376556161
1347,42.688235294117646,1.3333333333333333,2,0,-29273.313569483176
1348,42.11176470588235,1.3333333333333333,2,1,-29358.870432228276
1349,41.54705882352941,1.3333333333333333,2,1,-29443.297883208666
1350,41.24418604651163,1.1666666666666667,2,0,-29529.952921968357
1351,40.411764705882355,1.0,2,2,-29608.776451380123
1352,40.56470588235294,0.8333333333333334,2,0,-29693.739196478164
1353,40.72352941176471,0.6666666666666666,2,0,-29778.85292196836
1354,40.86470588235294,0.6666666666666666,2,0,-29864.24900039973
1355,40.98235294117647,0.6666666666666666,2,0,-29949.880372948748
1356,41.10588235294118,0.6666666666666666,2,0,-30035.758804321296
1357,41.67857142857143,0.6666666666666666,2,1,-30119.782613845106
1358,41.74404761904762,0.6666666666666666,2,0,-30206.93737574987
1359,41.81547619047619,0.6666666666666666,2,0,-30294.234994797487
1360,41.88690476190476,0.6666666666666666,2,0,-30381.675470987964
1361,41.94047619047619,0.8333333333333334,2,0,-30469.38975670225
1362,42.0,1.0,2,0,-30557.38975670225
1363,42.07738095238095,0.9166666666666666,2,0,-30645.461185273678
1364,42.166666666666664,1.1666666666666667,2,0,-30733.961185273678
1365,42.26190476190476,1.1666666666666667,2,0,-30822.651661464155
1366,42.398809523809526,1.1666666666666667,2,0,-30911.61594717844
1367,41.55813953488372,1.1666666666666667,2,0,-30998.898892914876
1368,41.247126436781606,1.25,2,0,-31085.64314578844
1369,41.133720930232556,1.25,2,1,-31169.160587648905
1370,40.311764705882354,1.25,2,2,-31248.03411706067
1371,39.78235294117647,1.3333333333333333,2,1,-31328.932156276354
1372,39.51744186046512,1.3333333333333333,2,0,-31412.300373330618
1373,39.066265060240966,1.3333333333333333,2,3,-31485.76623678443
1374,39.25301204819277,1.3333333333333333,2,0,-31568.60559421415
1375,39.201219512195124,1.25,2,1,-31648.25803323854
1376,39.36585365853659,1.0,2,0,-31730.989740555615
1377,39.53048780487805,0.75,2,0,-31813.80071616537
1378,38.726190476190474,0.6666666666666666,2,0,-31894.919763784415
1379,38.4,0.75,2,0,-31975.469763784415
1380,38.06976744186046,0.6666666666666666,2,0,-32055.275965334804
1381,38.174418604651166,0.6666666666666666,2,0,-32135.291469210773
1382,38.29651162790697,0.9166666666666666,2,0,-32215.801159133254
1383,38.395348837209305,1.0,2,0,-32296.591856807674
1384,38.47674418604651,1.1666666666666667,2,0,-32377.712011846434
1385,38.12643678160919,1.3333333333333333,2,0,-32458.298218742984
1386,38.21264367816092,1.3333333333333333,2,0,-32539.05683943264
1387,38.327586206896555,1.3333333333333333,2,0,-32620.045345179766
1388,38.44252873563219,1.3333333333333333,2,0,-32701.263735984365
1389,38.5632183908046,1.3333333333333333,2,0,-32782.723506099304
1390,38.724137931034484,1.3333333333333333,2,0,-32864.505115294705
1391,38.89655172413793,1.3333333333333333,2,0,-32946.63155207632
1392,39.07471264367816,1.3333333333333333,2,0,-33029.114310697005
1393,39.264367816091955,1.3333333333333333,2,0,-33111.97637966252
1394,39.18023255813954,1.3333333333333333,2,1,-33191.67017811213
1395,38.46590909090909,1.3333333333333333,2,0,-33272.93532962728
1396,37.90340909090909,1.3333333333333333,2,1,-33350.075481142434
1397,37.34659090909091,1.25,2,1,-33426.01866296062
1398,37.206896551724135,1.1666666666666667,2,1,-33501.59912273073
1399,37.3448275862069,1.0833333333333333,2,0,-33580.37211123648
1400,37.48275862068966,0.8333333333333334,2,0,-33659.17096181119
1401,37.61494252873563,0.75,2,0,-33738.150846868666
1402,37.735632183908045,0.6666666666666666,2,0,-33817.28877790315
1403,37.85632183908046,0.6666666666666666,2,0,-33896.66808824798
1404,37.97126436781609,0.9166666666666666,2,0,-33976.52728365028
1405,38.06896551724138,1.0,2,0,-34056.66521468476
1406,38.189655172413794,1.0833333333333333,2,0,-34137.127858362925
1407,38.304597701149426,1.25,2,0,-34217.987053765224
1408,38.41954022988506,1.1666666666666667,2,0,-34298.99280089166
1409,38.97093023255814,1.1666666666666667,2,1,-34378.10132802345
1410,39.122093023255815,1.1666666666666667,2,0,-34460.51218073662
1411,39.27325581395349,1.25,2,0,-34543.30869236453
1412,39.44767441860465,1.25,2,0,-34626.45404120174
1413,39.651162790697676,1.25,2,0,-34710.006366783135
1414,39.86046511627907,1.3333333333333333,2,0,-34794.06063034903
1415,40.0406976744186,1.3333333333333333,2,0,-34878.475359031196
1416,39.976470588235294,1.3333333333333333,2,1,-34959.761633541
1417,38.97093023255814,1.3333333333333333,2,1,-35039.03682733945
1418,38.1764705882353,1.0,2,2,-35113.38976851592
1419,37.895348837209305,0.8333333333333334,2,0,-35193.01379952367
1420,38.03488372093023,0.75,2,0,-35272.833566965535
1421,38.61764705882353,0.6666666666666666,2,1,-35350.73552774985
1422,38.747058823529414,0.6666666666666666,2,0,-35431.896312063574
1423,38.858823529411765,0.6666666666666666,2,0,-35513.28062578906
1424,38.976470588235294,1.0,2,0,-35595.23356696553
1425,39.51190476190476,1.0,2,1,-35675.25737648934
1426,39.601190476190474,1.25,2,0,-35758.70975744172
1427,39.67857142857143,1.3333333333333333,2,0,-35842.400233632194
1428,39.779761904761905,1.3333333333333333,2,0,-35926.29309077505
1429,39.88095238095238,1.3333333333333333,2,0,-36010.388328870285
1430,39.99404761904762,1.3333333333333333,2,0,-36094.70975744171
1431,40.13095238095238,1.3333333333333333,2,0,-36179.30499553695
1432,40.279761904761905,1.3333333333333333,2,0,-36264.197852679805
1433,40.458333333333336,1.3333333333333333,2,0,-36349.447852679805
1434,40.642857142857146,1.3333333333333333,2,0,-36435.06690029885
1435,40.55421686746988,1.3333333333333333,2,1,-36517.508667367125
1436,40.279761904761905,1.3333333333333333,2,0,-36602.40152450998
1437,39.51744186046512,1.3333333333333333,2,0,-36685.76974156425
1438,38.47701149425287,1.3333333333333333,2,1,-36764.057097886085
1439,38.62643678160919,1.1666666666666667,2,0,-36845.47663811597
1440,38.18235294117647,0.9166666666666666,2,2,-36919.75801066499
1441,38.311764705882354,0.8333333333333334,2,0,-37000.21487341009
1442,38.44705882352941,0.75,2,0,-37080.85899105715
1443,38.56470588235294,0.6666666666666666,2,0,-37161.65506948852
1444,38.694117647058825,0.6666666666666666,2,0,-37242.70997144931
1445,38.83529411764706,1.0,2,0,-37324.3805596846
1446,38.93529411764706,1.0,2,0,-37406.251147919895
1447,39.029411764705884,1.25,2,0,-37488.55997144931
1448,39.14705882352941,1.25,2,0,-37571.10408909636
1449,39.26470588235294,1.1666666666666667,2,0,-37653.800167527734
1450,39.4,1.1666666666666667,2,0,-37736.7668341944
1451,39.55294117647059,1.1666666666666667,2,0,-37820.03938321401
1452,39.71764705882353,1.25,2,0,-37903.72467733166
1453,39.89411764705882,1.25,2,0,-37987.762912625774
1454,40.11176470588235,1.25,2,0,-38072.23644203754
1455,40.3235294117647,1.3333333333333333,2,0,-38157.2168341944
1456,40.529411764705884,1.3333333333333333,2,0,-38242.608991057146
1457,40.72941176470588,1.3333333333333333,2,0,-38328.40114791989
1458,39.95402298850575,1.1666666666666667,2,0,-38412.475860563565
1459,38.93529411764706,1.0,2,3,-38485.34644879886
1460,38.417647058823526,0.75,2,1,-38562.93174291651
1461,38.116279069767444,0.75,2,0,-38642.914301056044
1462,38.26162790697674,0.6666666666666666,2,0,-38723.10422353666
1463,38.406976744186046,0.6666666666666666,2,0,-38803.5848436917
1464,38.52906976744186,0.6666666666666666,2,0,-38884.30964989325
1465,38.66279069767442,1.0,2,0,-38965.6352312886
1466,38.77906976744186,1.0,2,0,-39047.19337082349
1467,38.866279069767444,1.25,2,0,-39129.17592896302
1468,38.94186046511628,1.3333333333333333,2,0,-39211.392983226586
1469,39.01162790697674,1.3333333333333333,2,0,-39293.749572373876
1470,39.116279069767444,1.3333333333333333,2,0,-39376.315463846746
1471,39.21511627906977,1.3333333333333333,2,0,-39459.07902973822
1472,39.343023255813954,1.3333333333333333,2,0,-39542.09840958318
1473,39.47674418604651,1.3333333333333333,2,0,-39625.38523128861
1474,39.645348837209305,1.3333333333333333,2,0,-39709.009262296364
1475,39.83720930232558,1.3333333333333333,2,0,-39793.01701423435
1476,40.01744186046512,1.3333333333333333,2,0,-39877.385231288616
1477,39.923529411764704,1.3333333333333333,2,1,-39958.56562344548
1478,39.18390804597701,1.3333333333333333,2,0,-40041.26677287077
1479,38.30813953488372,1.1666666666666667,2,2,-40116.0497186072
1480,37.72674418604651,1.1666666666666667,2,1,-40192.669873645966
1481,37.872093023255815,1.0,2,0,-40272.41405969248
1482,38.0,0.8333333333333334,2,0,-40352.24739302581
1483,38.133720930232556,0.8333333333333334,2,0,-40432.348168219614
1484,38.26162790697674,0.6666666666666666,2,0,-40512.53809070023
1485,38.377906976744185,0.6666666666666666,2,0,-40592.960571320385
1486,38.50581395348837,0.6666666666666666,2,0,-40673.63886589403
1487,39.04705882352941,0.75,2,1,-40752.482983541086
1488,39.15294117647059,0.6666666666666666,2,0,-40834.45553256069
1489,39.241176470588236,0.75,2,0,-40916.687885501866
1490,39.305882352941175,0.75,2,0,-40999.04965020775
1491,39.4,0.9166666666666666,2,0,-41081.76631687442
1492,39.48823529411764,1.0,2,0,-41164.74278746265
1493,39.6,0.9166666666666666,2,0,-41247.85945412932
1494,39.71764705882353,1.25,2,0,-41331.54474824697
1495,39.401162790697676,1.25,2,0,-41414.597073828365
1496,39.56976744186046,1.25,2,0,-41497.98660871208
1497,39.275862068965516,1.25,2,0,-41580.78833285001
1498,39.01704545454545,1.3333333333333333,2,0,-41663.155757092434
1499,38.423529411764704,1.3333333333333333,2,3,-41735.3361492493
1500,37.5,1.3333333333333333,2,1,-41811.669482582634
1501,37.72674418604651,1.3333333333333333,2,0,-41891.45630428806
1502,37.72352941176471,1.3333333333333333,2,1,-41968.236696444925
1503,37.51204819277108,1.3333333333333333,2,2,-42041.5941261638
1504,37.71686746987952,1.3333333333333333,2,0,-42121.36119443689
1505,37.464285714285715,1.0,2,0,-42200.28976586546
1506,37.654761904761905,0.8333333333333334,2,0,-42279.43262300832
1507,37.38235294117647,0.75,2,0,-42357.94732889067
1508,37.529411764705884,0.75,2,0,-42436.75615242008
1509,37.22674418604651,0.6666666666666666,2,0,-42514.87630745884
1510,37.31976744186046,0.6666666666666666,2,1,-42590.18250900923
1511,37.03448275862069,1.0,2,0,-42668.25147452647
1512,37.14367816091954,1.0,2,0,-42746.53883084831
1513,37.252873563218394,1.1666666666666667,2,0,-42825.21124464141
1514,37.3448275862069,1.3333333333333333,2,0,-42904.23423314716
1515,37.41379310344828,1.3333333333333333,2,0,-42983.395152687386
1516,37.54022988505747,1.3333333333333333,2,0,-43062.808945790835
1517,37.64367816091954,1.3333333333333333,2,0,-43142.42963544601
1518,37.770114942528735,1.3333333333333333,2,0,-43222.3031986644
1519,37.94252873563219,1.3333333333333333,2,0,-43302.521589469
1520,38.10919540229885,1.3333333333333333,2,0,-43383.073313606925
1521,38.293103448275865,1.3333333333333333,2,0,-43463.99285383681
1522,38.49425287356322,1.3333333333333333,2,0,-43545.31469291727
1523,38.689655172413794,1.3333333333333333,2,0,-43627.027336595434
1524,37.69886363636363,1.3333333333333333,2,1,-43703.7583972015
1525,36.82183908045977,1.3333333333333333,2,2,-43775.73540869575
1526,36.258620689655174,1.25,2,1,-43849.50265007506
1527,36.42528735632184,1.1666666666666667,2,0,-43926.51989145437
1528,36.58045977011494,0.8333333333333334,2,0,-44003.514144327935
1529,36.724137931034484,0.8333333333333334,2,0,-44080.795753523336
1530,36.86206896551724,0.6666666666666666,2,0,-44158.18655812104
1531,36.99425287356322,0.6666666666666666,2,0,-44235.84173053483
1532,37.12068965517241,0.6666666666666666,2,0,-44313.74977651184
1533,37.270114942528735,1.0,2,0,-44392.2900063969
1534,37.42528735632184,1.0,2,0,-44471.14058110954
1535,38.01162790697674,1.25,2,1,-44548.41383692349
1536,38.151162790697676,1.1666666666666667,2,0,-44628.882829171554
1537,38.31976744186046,1.1666666666666667,2,0,-44709.689030721944
1538,38.51162790697674,1.1666666666666667,2,0,-44790.87895320256
1539,38.68023255813954,1.25,2,0,-44872.489418318844
1540,38.88953488372093,1.25,2,0,-44954.51848808629
1541,39.11046511627907,1.25,2,0,-45036.989418318844
1542,39.343023255813954,1.3333333333333333,2,0,-45120.008798163806
1543,39.575581395348834,1.3333333333333333,2,0,-45203.49329428784
1544,39.79651162790697,1.3333333333333333,2,0,-45287.41965087698
1545,39.52873563218391,1.3333333333333333,2,0,-45370.81045547468
1546,38.59659090909091,1.25,2,1,-45449.253637292866
1547,37.8448275862069,1.0,2,2,-45522.94329246528
1548,37.79651162790697,0.8333333333333334,2,1,-45599.369649054424
1549,37.94767441860465,0.6666666666666666,2,0,-45678.9316645583
1550,38.11046511627907,0.6666666666666666,2,0,-45758.819261457524
1551,38.24418604651163,0.6666666666666666,2,0,-45838.97430021721
1552,38.36046511627907,0.6666666666666666,2,0,-45919.36189711643
1553,38.50581395348837,1.0,2,0,-46000.37352502341
1554,39.05294117647059,1.0,2,1,-46079.47940737635
1555,39.16470588235294,1.3333333333333333,2,0,-46162.142152474386
1556,39.258823529411764,1.3333333333333333,2,0,-46244.99313286654
1557,39.36470588235294,1.3333333333333333,2,0,-46328.05587796458
1558,39.49411764705882,1.3333333333333333,2,0,-46411.37744659203
1559,39.62352941176471,1.3333333333333333,2,0,-46494.957838748895
1560,39.77058823529412,1.3333333333333333,2,0,-46578.832348552816
1561,39.95294117647059,1.3333333333333333,2,0,-46663.07156423909
1562,40.14705882352941,1.3333333333333333,2,0,-46747.699015219485
1563,40.33529411764706,1.3333333333333333,2,0,-46832.70293678811
1564,40.24404761904762,1.3333333333333333,2,1,-46914.52436535954
1565,40.464285714285715,1.3333333333333333,2,0,-46999.78627012145
1566,39.44117647058823,1.3333333333333333,2,1,-47080.00195639596
1567,39.19186046511628,1.3333333333333333,2,0,-47162.71901065952
1568,38.68023255813954,1.3333333333333333,2,1,-47241.41280910913
1569,38.44252873563219,1.3333333333333333,2,0,-47322.63119991373
1570,38.377906976744185,1.3333333333333333,2,1,-47400.72034720056
1571,38.56976744186046,1.25,2,0,-47482.109882084274
1572,38.74418604651163,1.1666666666666667,2,0,-47563.76492084396
1573,38.924418604651166,0.9166666666666666,2,0,-47645.53042471993
1574,39.093023255813954,0.8333333333333334,2,0,-47727.54980456489
1575,39.25581395348837,0.6666666666666666,2,0,-47809.728099138534
1576,39.41279069767442,0.6666666666666666,2,0,-47892.22034720055
1577,39.56395348837209,0.6666666666666666,2,0,-47975.01492084396
1578,39.73255813953488,0.9166666666666666,2,0,-48058.396703789695
1579,39.895348837209305,0.9166666666666666,2,0,-48142.10406813078
1580,40.0406976744186,1.25,2,0,-48226.43546347962
1581,40.20348837209303,1.25,2,0,-48311.0924402238
1582,40.354651162790695,1.1666666666666667,2,0,-48395.968409216046
1583,40.52906976744186,1.1666666666666667,2,0,-48481.193215417596
1584,40.7093023255814,1.25,2,0,-48566.861820068756
1585,40.906976744186046,1.25,2,0,-48652.92577355713
1586,41.122093023255815,1.25,2,0,-48739.41995960364
1587,41.348837209302324,1.25,2,0,-48826.367634022245
1588,41.575581395348834,1.25,2,0,-48913.76879681294
1589,41.80232558139535,1.3333333333333333,2,0,-49001.70678130906
1590,41.30813953488372,1.3333333333333333,2,1,-49085.65639371216
1591,40.6,1.3333333333333333,2,2,-49165.189727045494
1592,39.633720930232556,1.3333333333333333,2,1,-49245.790502239295
1593,39.825581395348834,1.25,2,0,-49329.69166502999
1594,40.00581395348837,1.0,2,0,-49413.70329293697
1595,40.16860465116279,0.75,2,0,-49497.790502239295
1596,40.31395348837209,0.75,2,0,-49582.168409216036
1597,40.44186046511628,0.75,2,0,-49666.802130146265
1598,41.023529411764706,0.6666666666666666,2,1,-49749.51585563646
1599,41.15294117647059,0.6666666666666666,2,0,-49835.48840465607
1600,41.26470588235294,0.9166666666666666,2,0,-49921.93448308744
1601,41.36470588235294,1.0,2,0,-50008.66389485214
1602,41.46470588235294,1.25,2,0,-50095.84330661685
1603,41.55294117647059,1.3333333333333333,2,0,-50183.282522303125
1604,41.67058823529412,1.3333333333333333,2,0,-50270.95703210705
1605,41.811764705882354,1.3333333333333333,2,0,-50358.91389485215
1606,41.923529411764704,1.3333333333333333,2,0,-50447.094287009015
1607,42.06470588235294,1.3333333333333333,2,0,-50535.557032107055
1608,42.23529411764706,1.3333333333333333,2,0,-50624.360953675685
1609,42.417647058823526,1.3333333333333333,2,0,-50713.52958112666
1610,42.61176470588235,1.3333333333333333,2,0,-50803.08644387176
1611,42.78823529411765,1.3333333333333333,2,0,-50892.99624779333
1612,42.68452380952381,1.3333333333333333,2,1,-50979.69862874571
1613,41.56470588235294,1.1666666666666667,2,1,-51063.99470717708
1614,40.660714285714285,1.1666666666666667,2,2,-51143.48280241517
1615,39.848837209302324,0.9166666666666666,2,0,-51227.09714350045
1616,39.9593023255814,0.8333333333333334,2,0,-51310.84908148494
1617,40.08139534883721,0.75,2,0,-51394.761872182615
1618,40.19186046511628,0.6666666666666666,2,0,-51478.812259779515
1619,40.27906976744186,0.6666666666666666,2,0,-51563.037065981065
1620,40.372093023255815,0.6666666666666666,2,0,-51647.44791869424
1621,40.44767441860465,0.6666666666666666,2,1,-51729.00993419812
1622,40.51744186046512,0.6666666666666666,2,0,-51813.711484585714
1623,40.627906976744185,0.6666666666666666,2,0,-51898.63396520587
1624,40.73255813953488,0.6666666666666666,2,0,-51983.7657481516
1625,40.843023255813954,0.9166666666666666,2,0,-52069.3684613299
1626,40.96511627906977,1.0,2,0,-52155.298693888035
1627,41.104651162790695,0.9166666666666666,2,0,-52241.42466288028
1628,41.25,1.0833333333333333,2,0,-52328.007996213615
1629,41.41279069767442,1.1666666666666667,2,0,-52415.00024427563
1630,41.604651162790695,1.1666666666666667,2,0,-52502.376213267875
1631,41.304597701149426,1.1666666666666667,2,0,-52589.15207533684
1632,40.30681818181818,1.1666666666666667,2,1,-52670.93237836714
1633,40.224137931034484,1.25,2,1,-52752.630654229215
1634,39.93529411764706,1.25,2,2,-52830.75124246451
1635,40.129411764705885,1.3333333333333333,2,0,-52915.343399327256
1636,40.28823529411765,1.3333333333333333,2,0,-53000.25320324882
1637,39.403614457831324,1.3333333333333333,2,3,-53074.39376549782
1638,39.5722891566265,1.0,2,0,-53157.53834381107
1639,39.50609756097561,0.9166666666666666,2,1,-53237.46720559969
1640,39.640243902439025,0.6666666666666666,2,0,-53320.414360071234
1641,39.28915662650602,0.75,2,0,-53402.74267332425
1642,38.470588235294116,0.6666666666666666,2,0,-53483.3505164615
1643,38.57058823529412,0.6666666666666666,2,0,-53564.158359598754
1644,38.68235294117647,1.0,2,0,-53645.52306548111
1645,38.758823529411764,1.0,2,0,-53727.040712539936
1646,38.858823529411765,1.3333333333333333,2,0,-53809.091692932096
1647,38.51162790697674,1.3333333333333333,2,0,-53890.448282079386
1648,38.14942528735632,1.3333333333333333,2,0,-53971.080465987434
1649,38.28735632183908,1.3333333333333333,2,0,-54051.988511964446
1650,38.40229885057471,1.3333333333333333,2,0,-54133.12644299893
1651,38.53448275862069,1.3333333333333333,2,0,-54214.528741849506
1652,38.68390804597701,1.3333333333333333,2,0,-54296.229891274794
1653,38.833333333333336,1.3333333333333333,2,0,-54378.229891274794
1654,38.98275862068966,1.3333333333333333,2,0,-54460.528741849506
1655,39.14942528735632,1.3333333333333333,2,0,-54543.160925757555
1656,38.7,1.3333333333333333,2,2,-54618.894259090885
1657,37.95402298850575,1.3333333333333333,2,0,-54699.13563840123
1658,37.78488372093023,1.1666666666666667,2,1,-54775.87207250976
1659,37.06818181818182,1.1666666666666667,2,0,-54854.17510281279
1660,36.90229885057471,0.9166666666666666,2,1,-54928.896367180605
1661,37.02873563218391,0.8333333333333334,2,0,-55006.787171778305
1662,37.166666666666664,0.75,2,0,-55084.87050511164
1663,37.298850574712645,0.6666666666666666,2,0,-55163.13487292773
1664,37.45402298850575,0.6666666666666666,2,0,-55241.70958557141
1665,37.59770114942529,0.6666666666666666,2,0,-55320.57165453692
1666,38.16860465116279,0.6666666666666666,2,1,-55397.575530505914
1667,38.325581395348834,0.6666666666666666,2,0,-55477.89335996328
1668,38.48837209302326,0.6666666666666666,2,0,-55558.53677081599
1669,38.645348837209305,0.6666666666666666,2,0,-55639.494135157074
1670,38.80232558139535,0.9166666666666666,2,0,-55721.01545298653
1671,38.96511627906977,0.9166666666666666,2,0,-55802.86235221134
1672,39.122093023255815,0.9166666666666666,2,0,-55885.02320492452
1673,39.29651162790697,1.25,2,0,-55967.86622818033
1674,39.4593023255814,1.1666666666666667,2,0,-56050.951499498166
1675,39.645348837209305,1.1666666666666667,2,0,-56134.40886383925
1676,38.93181818181818,1.1666666666666667,2,0,-56216.43916686955
1677,38.86206896551724,1.25,2,1,-56295.41330480059
1678,38.61931818181818,1.25,2,0,-56376.90194116423
1679,37.94827586206897,1.25,2,2,-56451.04849288837
1680,38.14367816091954,1.25,2,0,-56531.585849210205
1681,38.127906976744185,1.3333333333333333,2,1,-56609.17499649703
1682,37.81325301204819,1.3333333333333333,2,3,-56680.13483585446
1683,37.541666666666664,1.3333333333333333,2,0,-56759.55150252112
1684,37.69047619047619,1.25,2,0,-56839.182454902075
1685,38.15243902439025,1.0,2,2,-56913.487332950855
1686,37.83132530120482,0.9166666666666666,2,0,-56993.06665021993
1687,37.5,0.6666666666666666,2,0,-57071.733316886595
1688,37.61309523809524,0.6666666666666666,2,0,-57150.62617402945
1689,37.55357142857143,0.6666666666666666,2,1,-57226.39998355326
1690,37.247058823529414,0.6666666666666666,2,0,-57304.560767866984
1691,37.38235294117647,0.8333333333333334,2,0,-57383.15880708267
1692,37.51176470588236,1.0,2,0,-57462.182336494436
1693,37.641176470588235,1.3333333333333333,2,0,-57541.79802276895
1694,37.741176470588236,1.3333333333333333,2,0,-57621.61370904346
1695,37.84117647058824,1.3333333333333333,2,0,-57701.62939531797
1696,37.94705882352941,1.3333333333333333,2,0,-57781.85684629836
1697,38.04705882352941,1.3333333333333333,2,0,-57862.284297278755
1698,38.15294117647059,1.3333333333333333,2,0,-57942.923512965026
1699,38.27647058823529,1.3333333333333333,2,0,-58023.80978747483
1700,38.423529411764704,1.3333333333333333,2,0,-58104.99017963169
1701,38.576470588235296,1.3333333333333333,2,0,-58186.4764541415
1702,38.747058823529414,1.3333333333333333,2,0,-58268.30390512189
1703,38.583333333333336,1.3333333333333333,2,1,-58346.80390512189
1704,37.529411764705884,1.3333333333333333,2,1,-58423.196061984636
1705,36.923529411764704,1.25,2,1,-58498.293120808165
1706,36.311764705882354,1.1666666666666667,2,1,-58572.083316886594
1707,36.44705882352941,1.0833333333333333,2,0,-58649.060767866984
1708,36.151162790697676,0.8333333333333334,2,0,-58725.19642678171
1709,36.30813953488372,0.8333333333333334,2,0,-58801.64603918481
1710,36.46511627906977,0.6666666666666666,2,0,-58878.24293840962
1711,36.616279069767444,0.6666666666666666,2,0,-58955.142163215816
1712,36.80813953488372,0.8333333333333334,2,0,-59032.591775618916
1713,36.97093023255814,1.0,2,0,-59110.53363608403
1714,37.13953488372093,1.1666666666666667,2,0,-59188.97937251814
1715,37.325581395348834,1.25,2,0,-59267.88053530883
1716,37.49418604651163,1.1666666666666667,2,0,-59347.03557406852
1717,37.69767441860465,1.1666666666666667,2,0,-59426.5975895724
1718,37.883720930232556,1.1666666666666667,2,0,-59506.53169809953
1719,38.05813953488372,1.25,2,0,-59586.8979771693
1720,38.23837209302326,1.25,2,0,-59667.62472135534
1721,38.44767441860465,1.25,2,0,-59748.77007019255
1722,38.656976744186046,1.3333333333333333,2,0,-59830.41735701425
1723,38.877906976744185,1.3333333333333333,2,0,-59912.506504301076
1724,38.870588235294115,1.3333333333333333,2,1,-59991.581014104995
1725,37.93604651162791,1.3333333333333333,2,1,-60068.78644046158
1726,37.21764705882353,1.3333333333333333,2,2,-60141.555067912566
1727,36.95348837209303,1.0,2,0,-60219.46204465675
1728,37.098837209302324,0.9166666666666666,2,0,-60297.576385742024
1729,37.2093023255814,0.75,2,0,-60375.744990393185
1730,37.343023255813954,0.6666666666666666,2,0,-60454.09770357148
1731,37.45348837209303,0.6666666666666666,2,0,-60532.67134698234
1732,37.53488372093023,0.6666666666666666,2,0,-60611.407781090864
1733,37.627906976744185,1.0,2,1,-60687.66359504435
1734,37.72093023255814,1.0,2,0,-60767.10545550947
1735,37.825581395348834,1.3333333333333333,2,0,-60847.0899516335
1736,37.93604651162791,1.3333333333333333,2,0,-60927.295377990085
1737,38.02325581395349,1.3333333333333333,2,0,-61007.67522295132
1738,38.151162790697676,1.3333333333333333,2,0,-61088.31088186605
1739,38.2906976744186,1.3333333333333333,2,0,-61169.225610548216
1740,38.41860465116279,1.3333333333333333,2,0,-61250.39615318387
1741,38.56395348837209,1.3333333333333333,2,0,-61331.85739349395
1742,38.72093023255814,1.3333333333333333,2,0,-61413.6325872924
1743,38.877906976744185,1.3333333333333333,2,0,-61495.72173457922
1744,39.04651162790697,1.3333333333333333,2,0,-61578.14809116837
1745,38.7816091954023,1.3333333333333333,2,0,-61660.044642892506
1746,37.60588235294118,1.3333333333333333,2,3,-61730.58974093172
1747,37.076470588235296,1.3333333333333333,2,1,-61806.076015441526
1748,36.854651162790695,1.3333333333333333,2,0,-61884.11865110044
1749,37.0406976744186,1.3333333333333333,2,0,-61962.53337978261
1750,37.21511627906977,1.3333333333333333,2,0,-62041.29694567408
1751,37.406976744186046,1.1666666666666667,2,0,-62120.27756582912
1752,37.616279069767444,1.1666666666666667,2,0,-62199.67679063532
1753,38.21764705882353,0.8333333333333334,2,1,-62276.9454180863
1754,38.411764705882355,0.75,2,0,-62357.518947498065
1755,38.61176470588235,0.6666666666666666,2,0,-62438.40914357649
1756,38.805882352941175,0.6666666666666666,2,0,-62519.68757494904
1757,39.03529411764706,0.9166666666666666,2,0,-62601.67482985101
1758,39.247058823529414,1.0,2,0,-62684.16894749807
1759,39.45294117647059,1.1666666666666667,2,0,-62767.24149651767
1760,39.19186046511628,1.25,2,0,-62849.8752174479
1761,39.372093023255815,1.1666666666666667,2,0,-62932.78607016108
1762,39.56395348837209,1.1666666666666667,2,0,-63016.08064380449
1763,39.75,1.1666666666666667,2,0,-63099.74731047115
1764,39.93604651162791,1.25,2,0,-63183.86940349441
1765,40.122093023255815,1.25,2,0,-63268.363589540924
1766,40.325581395348834,1.25,2,0,-63353.26475233162
1767,40.52325581395349,1.3333333333333333,2,0,-63438.644597292856
1768,40.69186046511628,1.3333333333333333,2,0,-63524.36165155642
1769,40.848837209302324,1.3333333333333333,2,0,-63610.39265930836
1770,39.627906976744185,1.25,2,2,-63687.89847326185
1771,39.529411764705884,1.0,2,1,-63767.95729679126
1772,38.54651162790697,0.8333333333333334,2,1,-63845.883653380406
1773,38.651162790697676,0.6666666666666666,2,0,-63926.85264562847
1774,38.75,0.6666666666666666,2,0,-64008.01931229513
1775,38.843023255813954,0.6666666666666666,2,0,-64089.37202547343
1776,39.370588235294115,0.6666666666666666,2,1,-64168.77986861068
1777,39.45294117647059,1.0,2,0,-64251.685750963625
1778,39.51764705882353,1.0,2,0,-64334.72104508127
1779,39.588235294117645,1.1666666666666667,2,0,-64418.06418233617
1780,39.2093023255814,1.3333333333333333,2,0,-64500.81612032067
1781,39.28488372093023,1.3333333333333333,2,0,-64583.71922109586
1782,39.38953488372093,1.3333333333333333,2,0,-64666.83162419664
1783,39.49418604651163,1.3333333333333333,2,0,-64750.153329623
1784,39.61046511627907,1.3333333333333333,2,0,-64833.70759318889
1785,39.73255813953488,1.3333333333333333,2,0,-64917.506042801295
1786,39.877906976744185,1.3333333333333333,2,0,-65001.59519008812
1787,40.02906976744186,1.3333333333333333,2,0,-65085.98666295633
1788,40.19186046511628,1.3333333333333333,2,0,-65170.7037172199
1789,40.372093023255815,1.3333333333333333,2,0,-65255.781236599745
1790,39.0406976744186,1.3333333333333333,2,2,-65332.19596528191
1791,38.9,1.3333333333333333,2,1,-65411.329298615245
1792,38.31764705882353,1.3333333333333333,2,1,-65489.297926066225
1793,38.470588235294116,1.1666666666666667,2,0,-65570.40576920348
1794,38.61764705882353,1.0,2,0,-65651.64106332113
1795,38.752941176470586,0.8333333333333334,2,0,-65732.9802790074
1796,38.88823529411765,0.8333333333333334,2,0,-65814.59008292897
1797,39.01764705882353,0.6666666666666666,2,1,-65893.29204371329
1798,39.16470588235294,0.6666666666666666,2,0,-65975.28812214466
1799,39.311764705882354,0.75,2,0,-66057.66165155642
1800,39.44705882352941,0.75,2,0,-66140.30576920348
1801,39.588235294117645,0.75,2,0,-66223.23223979172
1802,39.72352941176471,0.75,2,0,-66306.42929861524
1803,39.870588235294115,0.8333333333333334,2,0,-66390.00380841916
1804,40.029411764705884,1.0,2,0,-66474.06263194857
1805,40.188235294117646,1.0833333333333333,2,0,-66558.52243587014
1806,40.37647058823529,1.0,2,0,-66643.27537704661
1807,40.55882352941177,1.25,2,0,-66728.64302410543
1808,40.73529411764706,1.1666666666666667,2,0,-66814.28027900739
1809,40.92941176470588,1.1666666666666667,2,0,-66900.30576920346
1810,40.18390804597701,1.1666666666666667,2,0,-66984.84025196209
1811,39.701149425287355,1.25,2,1,-67065.49255081266
1812,39.68604651162791,1.25,2,1,-67146.11464383591
1813,38.98823529411764,1.25,2,2,-67222.34111442415
1814,39.21764705882353,1.3333333333333333,2,0,-67305.10974187513
1815,39.45294117647059,1.3333333333333333,2,0,-67388.34895756141
1816,39.50595238095238,1.3333333333333333,2,1,-67468.69419565664
1817,39.38414634146341,1.3333333333333333,2,2,-67545.7958216729
1818,39.56707317073171,1.3333333333333333,2,0,-67629.2633013477
1819,39.75609756097561,1.0,2,0,-67712.77549646965
1820,39.926829268292686,1.0,2,0,-67796.62915500623
1821,39.5722891566265,0.6666666666666666,2,1,-67876.44039998615
1822,39.267857142857146,0.6666666666666666,2,0,-67958.64278093853
1823,38.94705882352941,0.6666666666666666,2,0,-68040.20356525226
1824,39.09411764705882,0.6666666666666666,2,0,-68122.05846721305
1825,39.252941176470586,0.8333333333333334,2,0,-68204.39768289932
1826,39.411764705882355,1.0,2,0,-68287.22121231108
1827,39.55294117647059,1.1666666666666667,2,0,-68370.49376133068
1828,39.22093023255814,1.3333333333333333,2,0,-68453.26895512913
1829,39.325581395348834,1.3333333333333333,2,0,-68536.25345125316
1830,39.44186046511628,1.3333333333333333,2,0,-68619.47050551673
1831,39.55232558139535,1.3333333333333333,2,0,-68702.90849001285
1832,39.674418604651166,1.3333333333333333,2,0,-68786.59066055549
1833,39.80232558139535,1.3333333333333333,2,0,-68870.52864505161
1834,39.95348837209303,1.3333333333333333,2,0,-68954.76895512914
1835,40.104651162790695,1.3333333333333333,2,0,-69039.31159078806
1836,40.26744186046512,1.3333333333333333,2,0,-69124.17980784232
1837,40.43023255813954,1.3333333333333333,2,0,-69209.37360629193
1838,39.65340909090909,1.3333333333333333,2,0,-69293.01375780709
1839,38.775862068965516,1.25,2,2,-69368.81548194501
1840,38.2183908045977,1.1666666666666667,2,1,-69446.41893022087
1841,38.075581395348834,0.9166666666666666,2,1,-69523.48675967823
1842,37.78735632183908,0.9166666666666666,2,0,-69602.97813898858
1843,37.97126436781609,0.6666666666666666,2,0,-69682.58733439088
1844,38.132183908045974,0.6666666666666666,2,0,-69762.51836887363
1845,38.32183908045977,0.75,2,0,-69842.91204703455
1846,38.52298850574713,1.0,2,0,-69923.95802404605
1847,38.706896551724135,1.0833333333333333,2,0,-70005.45515048283
1848,38.91379310344828,1.25,2,0,-70087.53273668973
1849,39.09770114942529,1.25,2,0,-70169.97813898858
1850,39.28735632183908,1.1666666666666667,2,0,-70252.71951829892
1851,39.47701149425287,1.1666666666666667,2,0,-70335.8402079541
1852,39.660919540229884,1.1666666666666667,2,0,-70419.32871370122
1853,39.8448275862069,1.25,2,0,-70503.26836887364
1854,40.04597701149425,1.25,2,0,-70587.61032289664
1855,40.252873563218394,1.25,2,0,-70672.36607002307
1856,40.45402298850575,1.3333333333333333,2,0,-70757.60744933342
1857,40.67816091954023,1.3333333333333333,2,0,-70843.29710450584
1858,40.4375,1.3333333333333333,2,0,-70928.50543783917
1859,40.0,1.3333333333333333,2,1,-71009.8387711725
1860,39.73837209302326,1.3333333333333333,2,2,-71087.64884869187
1861,39.27325581395349,1.3333333333333333,2,1,-71167.5286936531
1862,39.43023255813954,1.3333333333333333,2,0,-71250.72249210272
1863,39.593023255813954,1.0,2,0,-71333.90853861436
1864,39.73837209302326,0.8333333333333334,2,0,-71417.21861613373
1865,39.854651162790695,0.75,2,0,-71500.67791845932
1866,40.00581395348837,0.75,2,0,-71584.4395463663
1867,40.61176470588235,0.6666666666666666,2,1,-71666.32974244472
1868,40.741176470588236,0.6666666666666666,2,0,-71751.47876205256
1869,40.92941176470588,1.0,2,0,-71837.33758558198
1870,41.088235294117645,1.0,2,0,-71923.51405617021
1871,41.241176470588236,1.25,2,0,-72010.2464091114
1872,41.39411764705882,1.3333333333333333,2,0,-72097.36797773885
1873,41.523529411764706,1.3333333333333333,2,0,-72184.74836989571
1874,41.65882352941176,1.3333333333333333,2,0,-72272.39935028786
1875,41.78823529411765,1.3333333333333333,2,0,-72360.30915420943
1876,41.917647058823526,1.3333333333333333,2,0,-72448.47778166042
1877,42.05882352941177,1.3333333333333333,2,0,-72536.92876205257
1878,42.21764705882353,1.3333333333333333,2,0,-72625.69738950355
1879,42.38235294117647,1.3333333333333333,2,0,-72714.79542871924
1880,42.529411764705884,1.3333333333333333,2,0,-72804.18758558198
1881,42.144578313253014,1.3333333333333333,2,2,-72886.81007554183
1882,41.28235294117647,1.3333333333333333,2,0,-72973.70811475751
1883,40.67058823529412,1.1666666666666667,2,1,-73056.21595789476
1884,40.05294117647059,1.0833333333333333,2,1,-73137.40517358104
1885,40.16470588235294,0.8333333333333334,2,0,-73221.56791867908
1886,40.28235294117647,0.6666666666666666,2,0,-73305.7992912281
1887,40.39411764705882,0.6666666666666666,2,0,-73390.25419318888
1888,40.48823529411764,0.6666666666666666,2,0,-73474.89733044378
1889,40.60588235294118,0.9166666666666666,2,0,-73560.02576181633
1890,41.214285714285715,0.9166666666666666,2,1,-73643.37099991157
1891,41.32738095238095,1.0,2,0,-73730.02576181633
1892,41.45238095238095,1.25,2,0,-73817.1805237211
1893,41.088235294117645,1.1666666666666667,2,0,-73903.52366097599
1894,41.22941176470588,1.1666666666666667,2,0,-73990.14915117207
1895,41.39411764705882,1.25,2,0,-74077.18738646619
1896,41.55882352941177,1.25,2,0,-74164.55503352502
1897,41.741176470588236,1.25,2,0,-74252.2873864662
1898,41.93529411764706,1.25,2,0,-74340.40797470149
1899,42.13529411764706,1.3333333333333333,2,0,-74429.01189627012
1900,42.31764705882353,1.3333333333333333,2,0,-74517.9805237211
1901,42.48823529411764,1.3333333333333333,2,0,-74607.29032764267
1902,41.194117647058825,1.25,2,2,-74687.92856293678
1903,40.18604651162791,1.0,2,1,-74769.30065596003
1904,39.604651162790695,0.9166666666666666,2,1,-74849.42662495228
1905,39.72674418604651,0.6666666666666666,2,0,-74932.54677999104
1906,39.848837209302324,0.6666666666666666,2,0,-75015.91112107631
1907,39.9593023255814,0.6666666666666666,2,0,-75099.49639239414
1908,40.04651162790697,0.6666666666666666,2,0,-75183.25608231661
1909,40.13953488372093,1.0,2,0,-75267.53515208405
1910,40.23255813953488,1.0,2,0,-75352.00026836312
1911,40.33139534883721,1.1666666666666667,2,0,-75436.82972572745
1912,40.41279069767442,1.3333333333333333,2,0,-75521.98864045614
1913,40.50581395348837,1.3333333333333333,2,0,-75607.33360169645
1914,40.627906976744185,1.3333333333333333,2,0,-75692.92274898327
1915,40.75,1.3333333333333333,2,0,-75778.7560823166
1916,40.88953488372093,1.3333333333333333,2,0,-75864.86848541738
1917,41.03488372093023,1.3333333333333333,2,0,-75951.27158619257
1918,41.2093023255814,1.3333333333333333,2,0,-76038.02352417706
1919,41.395348837209305,1.3333333333333333,2,0,-76125.14755518481
1920,41.58720930232558,1.3333333333333333,2,0,-76212.6553071228
1921,41.51764705882353,1.3333333333333333,2,1,-76297.02393457378
1922,40.47674418604651,1.3333333333333333,2,1,-76379.3107562792
1923,40.166666666666664,1.3333333333333333,2,0,-76463.97742294587
1924,39.58620689655172,1.3333333333333333,2,1,-76544.4831700723
1925,39.724137931034484,1.1666666666666667,2,0,-76628.09811260103
1926,39.85632183908046,1.0833333333333333,2,0,-76711.89408961253
1927,39.73255813953488,0.8333333333333334,2,1,-76792.19253922492
1928,39.86046511627907,0.75,2,0,-76875.66346945749
1929,40.43529411764706,0.6666666666666666,2,1,-76957.20072435946
1930,40.55882352941177,0.6666666666666666,2,0,-77041.98503808495
1931,40.694117647058825,1.0,2,0,-77127.37327337907
1932,40.83529411764706,0.9166666666666666,2,0,-77212.96052828102
1933,40.96470588235294,1.1666666666666667,2,0,-77299.0566067124
1934,41.1,1.25,2,0,-77385.5066067124
1935,41.22352941176471,1.1666666666666667,2,0,-77472.1203322026
1936,41.38235294117647,1.1666666666666667,2,0,-77559.05170475162
1937,41.55294117647059,1.25,2,0,-77646.40758710456
1938,41.705882352941174,1.25,2,0,-77734.06935181045
1939,41.9,1.25,2,0,-77822.11935181046
1940,42.1,1.25,2,0,-77910.56935181045
1941,42.305882352941175,1.3333333333333333,2,0,-77999.51444984967
1942,42.50588235294118,1.3333333333333333,2,0,-78088.85954788889
1943,41.970588235294116,1.3333333333333333,2,1,-78174.1340576928
1944,40.42261904761905,1.3333333333333333,2,3,-78250.31262912137
1945,40.589285714285715,1.1666666666666667,2,0,-78335.6578672166
1946,40.28235294117647,1.0,2,0,-78420.22257309896
1947,40.42941176470588,0.9166666666666666,2,0,-78504.99806329503
1948,40.54705882352941,0.75,2,0,-78589.8421809421
1949,40.6764705882353,0.6666666666666666,2,0,-78674.86178878523
1950,40.78235294117647,0.6666666666666666,2,0,-78760.09316133425
1951,40.870588235294115,0.6666666666666666,2,0,-78845.50100447152
1952,41.458333333333336,1.0,2,1,-78929.41767113819
1953,41.04705882352941,1.0,2,0,-79015.51178878525
1954,41.11176470588235,1.25,2,0,-79101.98531819702
1955,41.17058823529412,1.3333333333333333,2,0,-79188.65982800095
1956,41.23529411764706,1.3333333333333333,2,0,-79275.46374956958
1957,41.3235294117647,1.3333333333333333,2,0,-79362.44414172645
1958,41.423529411764704,1.3333333333333333,2,0,-79449.62453388331
1959,41.523529411764706,1.3333333333333333,2,0,-79537.00492604017
1960,41.65882352941176,1.3333333333333333,2,0,-79624.65590643232
1961,41.82941176470588,1.3333333333333333,2,0,-79712.64806329507
1962,41.98823529411764,1.3333333333333333,2,0,-79800.95786721664
1963,42.16470588235294,1.3333333333333333,2,0,-79889.62061231468
1964,41.333333333333336,1.3333333333333333,2,2,-79970.62061231468
1965,41.03529411764706,1.3333333333333333,2,0,-80057.0245338833
1966,39.98255813953488,1.3333333333333333,2,1,-80138.3229834957
1967,40.13953488372093,1.25,2,0,-80222.85205326314
1968,39.827586206896555,1.1666666666666667,2,0,-80306.67389234359
1969,39.7093023255814,1.0833333333333333,2,1,-80387.17583032808
1970,39.848837209302324,0.8333333333333334,2,0,-80470.70683808002
1971,39.96511627906977,0.8333333333333334,2,0,-80554.47040397149
1972,40.093023255813954,0.6666666666666666,2,0,-80638.32311714978
1973,40.22093023255814,0.6666666666666666,2,0,-80722.43164428156
1974,40.348837209302324,0.9166666666666666,2,0,-80807.04598536683
1975,40.46511627906977,0.9166666666666666,2,0,-80891.89288459164
1976,40.598837209302324,1.25,2,0,-80977.34055901025
1977,40.72674418604651,1.25,2,0,-81063.04404738234
1978,40.872093023255815,1.1666666666666667,2,0,-81148.95490009552
1979,41.02906976744186,1.1666666666666667,2,0,-81235.17970629707
1980,41.18023255813954,1.25,2,0,-81321.79017141335
1981,41.354651162790695,1.25,2,0,-81408.74947373894
1982,41.54651162790697,1.25,2,0,-81496.09249699475
1983,41.75581395348837,1.25,2,0,-81583.85412490173
1984,41.97093023255814,1.3333333333333333,2,0,-81672.12931870017
1985,42.19186046511628,1.3333333333333333,2,0,-81760.84637296374
1986,41.42613636363637,1.3333333333333333,2,0,-81848.03197902435
1987,41.104651162790695,1.3333333333333333,2,2,-81928.57461468327
1988,40.07471264367816,1.1666666666666667,2,1,-82009.89070663729
1989,39.97093023255814,1.0,2,1,-82090.8325671024
1990,40.133720930232556,0.75,2,0,-82174.85000896287
1991,40.27325581395349,0.6666666666666666,2,0,-82259.06318725744
1992,40.406976744186046,0.75,2,0,-82343.62714074581
1993,40.52325581395349,0.6666666666666666,2,0,-82428.34031904039
1994,40.633720930232556,0.6666666666666666,2,0,-82513.27442756752
1995,41.22352941176471,1.0,2,1,-82596.72148639105
1996,41.311764705882354,1.0,2,0,-82683.34501580281
1997,41.411764705882355,1.25,2,0,-82770.41854521458
1998,41.50588235294118,1.3333333333333333,2,0,-82857.7636432538
1999,41.582352941176474,1.3333333333333333,2,0,-82945.26168246949
