episode,step,lane,queue,speed,waiting
1,0,-E9_2,0,13.89,0
1,1,-E9_2,0,13.89,0
1,2,-E9_2,0,13.89,0
1,3,-E9_2,0,13.89,0
1,4,-E9_2,0,13.89,0
1,5,-E9_2,0,13.89,0
1,6,-E9_2,0,5.288116674730311,0.0
1,7,-E9_2,0,7.369665257236677,0.0
1,8,-E9_2,0,9.947898622159602,0.0
1,9,-E9_2,0,10.305532219688558,0.0
1,10,-E9_2,0,8.32562339577552,0.0
1,11,-E9_2,0,9.18443440146938,0.0
1,12,-E9_2,0,9.821615472405293,0.0
1,13,-E9_2,0,10.709459467201569,0.0
1,14,-E9_2,0,9.034567617138897,0.0
1,15,-E9_2,0,10.336213204590605,0.0
1,16,-E9_2,0,10.572777936359676,0.0
1,17,-E9_2,0,10.202370224666378,0.0
1,18,-E9_2,0,8.016080671641976,0.0
1,19,-E9_2,0,9.759168251324759,0.0
1,20,-E9_2,0,10.007898290048201,0.0
1,21,-E9_2,0,10.488198828387592,0.0
1,22,-E9_2,0,7.985841684853161,0.0
1,23,-E9_2,0,7.7714809217711425,0.0
1,24,-E9_2,0,6.99502418093829,0.0
1,25,-E9_2,0,7.22818659918281,0.0
1,26,-E9_2,1,5.670918633173699,1.0
1,27,-E9_2,1,5.725666501425615,2.0
1,28,-E9_2,1,4.783413069889397,3.0
1,29,-E9_2,2,3.959127428569349,5.0
1,30,-E9_2,2,3.5132335268477304,7.0
1,31,-E9_2,2,3.642821027927681,9.0
1,32,-E9_2,3,2.9996945800508774,12.0
1,33,-E9_2,3,2.5229618060860597,15.0
1,34,-E9_2,3,2.63390284415018,18.0
1,35,-E9_2,3,3.1872806585406788,12.0
1,36,-E9_2,2,3.271858295840911,7.0
1,37,-E9_2,1,2.837657273172244,3.0
1,38,-E9_2,0,3.4155523182158447,0.0
1,39,-E9_2,0,3.9188035261933187,0.0
1,40,-E9_2,0,4.072591595593762,0.0
1,41,-E9_2,0,4.894490568915883,0.0
1,42,-E9_2,0,4.546855921166312,0.0
1,43,-E9_2,1,4.095710441822704,1.0
1,44,-E9_2,1,3.8505208087796556,2.0
1,45,-E9_2,1,3.117456576169165,3.0
1,46,-E9_2,2,2.9281405053723093,5.0
1,47,-E9_2,3,2.6112267719618645,8.0
1,48,-E9_2,4,2.0748480692032145,12.0
1,49,-E9_2,4,1.7882897306552963,16.0
1,50,-E9_2,4,1.637002324374952,20.0
1,51,-E9_2,5,1.3512370525923234,25.0
1,52,-E9_2,6,1.188340002051192,31.0
1,53,-E9_2,6,1.2627333155558904,37.0
1,54,-E9_2,6,1.3284145526076212,43.0
1,55,-E9_2,7,1.1997587805929713,50.0
1,56,-E9_2,7,1.1898144340975982,57.0
1,57,-E9_2,7,0.752789969516555,64.0
1,58,-E9_2,8,0.6485966804306629,72.0
1,59,-E9_2,8,0.526132436382155,80.0
1,60,-E9_2,8,0.654545430997753,88.0
1,61,-E9_2,9,0.6988884922147676,97.0
1,62,-E9_2,9,0.6255460516604765,106.0
1,63,-E9_2,9,0.48112590044319536,115.0
1,64,-E9_2,10,0.5984530358427113,125.0
1,65,-E9_2,10,0.3137802129604748,135.0
1,66,-E9_2,10,0.286875397493312,145.0
1,67,-E9_2,11,0.43111089488140336,156.0
1,68,-E9_2,11,0.09300235893888799,167.0
1,69,-E9_2,11,0.02452564639602794,178.0
1,70,-E9_2,11,0.01755764976601665,189.0
1,71,-E9_2,12,0.0005932194176806717,201.0
1,72,-E9_2,12,9.477501669031342e-05,213.0
1,73,-E9_2,12,5.7031190575139325e-05,225.0
1,74,-E9_2,12,3.5642961711521415e-05,237.0
1,75,-E9_2,12,1.5919560296605076e-05,249.0
1,76,-E9_2,12,0.0,261.0
1,77,-E9_2,12,1.233515617543145e-05,273.0
1,78,-E9_2,12,1.111918054195906e-05,285.0
1,79,-E9_2,12,0.0,297.0
1,80,-E9_2,12,0.0,309.0
1,81,-E9_2,12,0.0,321.0
1,82,-E9_2,12,0.0,333.0
1,83,-E9_2,12,0.0,345.0
1,84,-E9_2,12,0.0,357.0
1,85,-E9_2,12,0.0,369.0
1,86,-E9_2,12,0.0,381.0
1,87,-E9_2,12,0.0,393.0
1,88,-E9_2,12,0.0,405.0
1,89,-E9_2,12,0.0,417.0
1,90,-E9_2,11,0.0,381.0
1,91,-E9_2,10,0.1006840684164656,346.0
1,92,-E9_2,9,0.3259313058163215,310.0
1,93,-E9_2,8,0.5949258119153649,273.0
1,94,-E9_2,7,0.6670480830314327,237.0
1,95,-E9_2,6,0.888764251060338,200.0
1,96,-E9_2,5,1.042229042331221,164.0
1,97,-E9_2,5,0.8758097898236462,130.0
1,98,-E9_2,6,0.6739964254338081,101.0
1,99,-E9_2,6,0.3774099440894503,69.0
1,100,-E9_2,5,0.41682132828611657,38.0
1,101,-E9_2,5,0.35804874480972443,13.0
1,102,-E9_2,8,0.15593262218269677,21.0
1,103,-E9_2,9,0.12406852827927056,30.0
1,104,-E9_2,9,0.07351531334070266,39.0
1,105,-E9_2,10,0.029206619702461314,49.0
1,106,-E9_2,11,0.015161929119455565,60.0
1,107,-E9_2,11,0.011201961920278404,71.0
1,108,-E9_2,11,0.08661970709981333,82.0
1,109,-E9_2,11,0.019449208259614967,93.0
1,110,-E9_2,12,0.005669772376771483,105.0
1,111,-E9_2,12,0.0020142120254293717,117.0
1,112,-E9_2,12,0.0006222197171662832,129.0
1,113,-E9_2,12,0.00029046204061069434,141.0
1,114,-E9_2,12,0.00018687150487402328,153.0
1,115,-E9_2,12,0.00016058788622412353,165.0
1,116,-E9_2,11,0.052626961835285015,158.0
1,117,-E9_2,10,0.22042420214584535,150.0
1,118,-E9_2,9,0.32751866898904053,141.0
1,119,-E9_2,9,0.1798232357258388,132.0
1,120,-E9_2,9,0.1536814678669814,123.0
1,121,-E9_2,9,0.14346364024155897,121.0
1,122,-E9_2,9,0.2373278832096748,107.0
1,123,-E9_2,8,0.14760342868512594,94.0
1,124,-E9_2,8,0.39848367115913136,80.0
1,125,-E9_2,8,0.7373076142578825,66.0
1,126,-E9_2,7,0.41060376616970656,45.0
1,127,-E9_2,6,0.48596266985257675,30.0
1,128,-E9_2,5,0.5981932393385644,25.0
1,129,-E9_2,4,0.30654386709062187,28.0
1,130,-E9_2,4,0.7155485248270825,32.0
1,131,-E9_2,4,1.1683716148344165,36.0
1,132,-E9_2,4,1.0330920642050914,40.0
1,133,-E9_2,5,0.8594900266835364,45.0
1,134,-E9_2,5,0.6160425031149273,50.0
1,135,-E9_2,6,0.4316495279411895,56.0
1,136,-E9_2,7,0.23667874179786552,63.0
1,137,-E9_2,7,0.10307118983714432,70.0
1,138,-E9_2,7,0.06891227908055757,77.0
1,139,-E9_2,7,0.06870751938067145,84.0
1,140,-E9_2,7,0.0710771826143605,91.0
1,141,-E9_2,7,0.07125798641624112,98.0
1,142,-E9_2,6,0.14646481763104602,83.0
1,143,-E9_2,5,0.2290864327484457,67.0
1,144,-E9_2,5,0.17901040474428348,52.0
1,145,-E9_2,4,0.19112630220990953,36.0
1,146,-E9_2,6,0.10529834403586977,42.0
1,147,-E9_2,7,0.10099672736758274,49.0
1,148,-E9_2,8,0.07123823578499347,57.0
1,149,-E9_2,9,0.0415376096332249,66.0
1,150,-E9_2,8,0.03419716514343572,70.0
1,151,-E9_2,9,0.03550634333796588,79.0
1,152,-E9_2,9,0.029416316028405658,83.0
1,153,-E9_2,10,0.015637444100508973,93.0
1,154,-E9_2,10,0.009554485870918224,103.0
1,155,-E9_2,10,0.006550773181653891,113.0
1,156,-E9_2,10,0.00552600407903674,123.0
1,157,-E9_2,10,0.006107664062152253,133.0
1,158,-E9_2,10,0.0037000136883761385,143.0
1,159,-E9_2,9,0.01429495379358375,139.0
1,160,-E9_2,9,0.08775553155486852,148.0
1,161,-E9_2,10,0.0021657965176118256,158.0
1,162,-E9_2,10,0.0003827359252848544,168.0
1,163,-E9_2,10,0.00016620495602644414,178.0
1,164,-E9_2,10,4.0008161254420475e-05,188.0
1,165,-E9_2,10,2.370710326617684e-05,198.0
1,166,-E9_2,10,0.22547748733777553,201.0
1,167,-E9_2,9,0.15188779860059176,186.0
1,168,-E9_2,8,0.32024395405669037,170.0
1,169,-E9_2,8,0.396993035784597,178.0
1,170,-E9_2,8,0.4009091722097296,186.0
1,171,-E9_2,9,0.2900548851276121,195.0
1,172,-E9_2,9,0.08743658324657734,204.0
1,173,-E9_2,10,0.024208981568888663,214.0
1,174,-E9_2,10,0.012002623419412996,224.0
1,175,-E9_2,11,0.002335795722984058,235.0
1,176,-E9_2,11,0.0008043407862249559,246.0
1,177,-E9_2,11,0.00431046700948827,257.0
1,178,-E9_2,11,0.00042044793369195617,268.0
1,179,-E9_2,11,9.996344248311782e-05,279.0
1,180,-E9_2,10,1.715377464723914e-05,242.0
1,181,-E9_2,8,0.2688020847592477,175.0
1,182,-E9_2,9,0.43787030765533186,224.0
1,183,-E9_2,8,0.43564858592031397,191.0
1,184,-E9_2,7,0.44183049693201043,162.0
1,185,-E9_2,8,0.46612429503701547,134.0
1,186,-E9_2,7,0.18724180106918947,140.0
1,187,-E9_2,8,0.18037195421735716,148.0
1,188,-E9_2,9,0.08412796761358465,156.0
1,189,-E9_2,8,0.10752808392990715,163.0
1,190,-E9_2,9,0.07685645703079384,172.0
1,191,-E9_2,8,0.14951144244291587,142.0
1,192,-E9_2,9,0.16221655901613327,151.0
1,193,-E9_2,9,0.3019851243560496,155.0
1,194,-E9_2,8,0.18350428709108696,159.0
1,195,-E9_2,8,0.2715527282613549,164.0
1,196,-E9_2,7,0.683818946499253,168.0
1,197,-E9_2,7,0.6555537020944103,175.0
1,198,-E9_2,8,0.8547908998401729,195.0
1,199,-E9_2,6,1.1497758200263601,140.0
1,200,-E9_2,5,1.0107835667859533,116.0
1,201,-E9_2,5,1.789691543040615,64.0
1,202,-E9_2,3,1.4916401524322784,28.0
1,203,-E9_2,3,1.8732568522161785,13.0
1,204,-E9_2,3,1.7800733279069292,13.0
1,205,-E9_2,4,1.353498074637265,7.0
1,206,-E9_2,5,0.9639098670395163,11.0
1,207,-E9_2,5,0.7292272351296589,12.0
1,208,-E9_2,6,0.6064761044790905,18.0
1,209,-E9_2,6,0.6774589209773302,21.0
1,210,-E9_2,5,0.4634134521007257,25.0
1,211,-E9_2,5,0.4541647696400556,30.0
1,212,-E9_2,5,0.7507974968657275,35.0
1,213,-E9_2,6,0.6057508093116936,48.0
1,214,-E9_2,4,1.0939317768506698,34.0
1,215,-E9_2,3,1.1933541794320783,27.0
1,216,-E9_2,3,1.6713226203508433,20.0
1,217,-E9_2,2,2.3569892439021607,12.0
1,218,-E9_2,2,1.959258766185398,4.0
1,219,-E9_2,4,2.275146318770414,8.0
1,220,-E9_2,3,1.8529877929504606,9.0
1,221,-E9_2,3,2.592436345120319,10.0
1,222,-E9_2,5,1.8946365709370911,15.0
1,223,-E9_2,4,2.218249346902615,18.0
1,224,-E9_2,4,2.326988686732868,22.0
1,225,-E9_2,5,1.6581942580893838,42.0
1,226,-E9_2,3,1.9040690587153906,19.0
1,227,-E9_2,3,1.7302522308368455,14.0
1,228,-E9_2,2,1.5647546680111646,9.0
1,229,-E9_2,3,1.2106425381092598,12.0
1,230,-E9_2,2,1.433898145725622,6.0
1,231,-E9_2,2,1.4001848424323131,8.0
1,232,-E9_2,5,1.157314553088566,13.0
1,233,-E9_2,7,0.8920914927055174,20.0
1,234,-E9_2,7,0.33444609377019935,27.0
1,235,-E9_2,7,0.30176798090116236,31.0
1,236,-E9_2,5,0.4876939778775295,29.0
1,237,-E9_2,7,0.34506641719491504,36.0
1,238,-E9_2,7,0.37314116071846937,43.0
1,239,-E9_2,6,0.6784649990757482,43.0
1,240,-E9_2,4,0.72472891995135,43.0
1,241,-E9_2,5,0.500643734493643,48.0
1,242,-E9_2,5,0.5551534113722755,52.0
1,243,-E9_2,5,0.4960486318364548,57.0
1,244,-E9_2,5,0.36274696805817447,62.0
1,245,-E9_2,6,0.24316783784888898,68.0
1,246,-E9_2,5,0.4026067682186833,69.0
1,247,-E9_2,6,0.38899549604248224,75.0
1,248,-E9_2,8,0.19421613483880124,83.0
1,249,-E9_2,7,0.14674170592821237,86.0
1,250,-E9_2,7,0.18667290483419688,90.0
1,251,-E9_2,7,0.20517425842344245,94.0
1,252,-E9_2,8,0.13260403460966677,102.0
1,253,-E9_2,7,0.19014646566375895,106.0
1,254,-E9_2,6,0.2616462433139768,109.0
1,255,-E9_2,5,0.2180954760678939,111.0
1,256,-E9_2,5,0.16919920620521925,116.0
1,257,-E9_2,7,0.10057072078340358,123.0
1,258,-E9_2,8,0.0578079164426007,131.0
1,259,-E9_2,9,0.04836194513235115,140.0
1,260,-E9_2,12,0.012154525227985553,153.0
1,261,-E9_2,12,0.007448445595355638,165.0
1,262,-E9_2,12,0.006657324886736547,177.0
1,263,-E9_2,11,0.07112126085667177,184.0
1,264,-E9_2,11,0.01506288500033756,195.0
1,265,-E9_2,12,0.0025173221023547954,207.0
1,266,-E9_2,11,0.08128769766198013,209.0
1,267,-E9_2,12,0.006779387730443439,221.0
1,268,-E9_2,12,0.0004764984986765981,233.0
1,269,-E9_2,12,0.0,245.0
1,270,-E9_2,11,0.0010744256946925484,213.0
1,271,-E9_2,9,0.14465111974632808,169.0
1,272,-E9_2,8,0.4121695253644472,137.0
1,273,-E9_2,9,0.08173750709533166,106.0
1,274,-E9_2,7,0.12905890834282088,86.0
1,275,-E9_2,7,0.15450550935789034,76.0
1,276,-E9_2,6,0.20457297098544477,81.0
1,277,-E9_2,8,0.3285198964997675,89.0
1,278,-E9_2,8,0.29919490877465177,97.0
1,279,-E9_2,8,0.3327755860891233,93.0
1,280,-E9_2,10,0.07560094590638634,103.0
1,281,-E9_2,10,0.025061888582096407,113.0
1,282,-E9_2,11,0.010806867433471314,124.0
1,283,-E9_2,9,0.12924169636730032,84.0
1,284,-E9_2,11,0.015236632222911628,95.0
1,285,-E9_2,10,0.01254272306951429,104.0
1,286,-E9_2,10,0.06889243720854173,105.0
1,287,-E9_2,10,0.03953514464966334,115.0
1,288,-E9_2,11,0.017227914052491623,126.0
1,289,-E9_2,10,0.19651918761055856,123.0
1,290,-E9_2,10,0.18516659230848184,102.0
1,291,-E9_2,9,0.08737632624452431,110.0
1,292,-E9_2,11,0.026960072099135243,121.0
1,293,-E9_2,12,0.009140053170646081,133.0
1,294,-E9_2,12,0.005944245531201264,145.0
1,295,-E9_2,11,0.08428798723925644,145.0
1,296,-E9_2,11,0.010622026558107062,156.0
1,297,-E9_2,12,0.0020376461824979483,168.0
1,298,-E9_2,11,0.15870985320570088,167.0
1,299,-E9_2,11,0.11296620695112919,178.0
1,300,-E9_2,11,0.10169354928221926,189.0
1,301,-E9_2,12,0.0025724890360891857,201.0
1,302,-E9_2,12,5.3147528693737415e-05,213.0
1,303,-E9_2,11,0.0691946238977368,213.0
1,304,-E9_2,11,0.018563704568892992,224.0
1,305,-E9_2,12,0.004800210380046583,236.0
1,306,-E9_2,11,0.1024270212756251,220.0
1,307,-E9_2,9,0.2902743772590583,160.0
1,308,-E9_2,8,0.3044614713966432,142.0
1,309,-E9_2,7,0.9130153382777398,132.0
1,310,-E9_2,7,0.2831829469098805,130.0
1,311,-E9_2,7,0.6935627306759848,137.0
1,312,-E9_2,8,0.6984438835944108,172.0
1,313,-E9_2,5,0.5695909216311182,126.0
1,314,-E9_2,5,0.5372599253787482,90.0
1,315,-E9_2,6,0.34102503283747126,61.0
1,316,-E9_2,6,0.29507530887370964,67.0
1,317,-E9_2,6,0.29997066715609094,45.0
1,318,-E9_2,6,0.2891902163237131,51.0
1,319,-E9_2,5,0.29477604503464966,34.0
1,320,-E9_2,6,0.2811192533799023,25.0
1,321,-E9_2,9,0.12220096978469679,28.0
1,322,-E9_2,10,0.09995561405849161,38.0
1,323,-E9_2,12,0.00786813960661755,50.0
1,324,-E9_2,11,0.009421175924916243,57.0
1,325,-E9_2,10,0.0908050853208362,63.0
1,326,-E9_2,10,0.13964731281087092,73.0
1,327,-E9_2,7,0.10614429457217556,64.0
1,328,-E9_2,7,0.1495300852111838,65.0
1,329,-E9_2,10,0.04267963110236317,69.0
1,330,-E9_2,10,0.027893169926988187,79.0
1,331,-E9_2,10,0.017867052589752144,87.0
1,332,-E9_2,10,0.017459510966115376,97.0
1,333,-E9_2,11,0.016797278590179057,108.0
1,334,-E9_2,12,0.012737100729030046,120.0
1,335,-E9_2,11,0.10691357114457382,130.0
1,336,-E9_2,8,0.21183368113265466,121.0
1,337,-E9_2,8,0.10774447379058115,123.0
1,338,-E9_2,11,0.0341129639901175,134.0
1,339,-E9_2,12,0.0030870318279372735,146.0
1,340,-E9_2,12,0.0021344556886372,158.0
1,341,-E9_2,12,0.0001334116524178221,170.0
1,342,-E9_2,12,7.863580487963796e-05,182.0
1,343,-E9_2,12,0.0,194.0
1,344,-E9_2,11,0.07193554116215738,198.0
1,345,-E9_2,10,0.20790859194896918,183.0
1,346,-E9_2,11,0.025917807248643485,194.0
1,347,-E9_2,11,0.13923511995255014,205.0
1,348,-E9_2,12,0.00550700401554417,217.0
1,349,-E9_2,12,0.0009794931536365606,229.0
1,350,-E9_2,12,9.297680312072883e-05,241.0
1,351,-E9_2,12,0.0,253.0
1,352,-E9_2,12,0.003183777808445807,265.0
1,353,-E9_2,11,0.07658427378908307,261.0
1,354,-E9_2,10,0.15969962955835923,238.0
1,355,-E9_2,11,0.06598363441570766,249.0
1,356,-E9_2,11,0.13094227693085417,260.0
1,357,-E9_2,11,0.013253122987843653,271.0
1,358,-E9_2,12,0.00172741205673675,283.0
1,359,-E9_2,12,0.0001381012732364473,295.0
1,360,-E9_2,11,5.100870051791997e-05,260.0
1,361,-E9_2,10,0.1096917292498857,224.0
1,362,-E9_2,9,0.36924236005680283,188.0
1,363,-E9_2,8,0.34046332942152957,161.0
1,364,-E9_2,7,0.30363922417519895,107.0
1,365,-E9_2,4,0.7081845171093746,57.0
1,366,-E9_2,3,1.133228026902872,42.0
1,367,-E9_2,4,0.7539296995122824,46.0
1,368,-E9_2,3,0.4479238656517762,39.0
1,369,-E9_2,3,0.6515334037830092,40.0
1,370,-E9_2,4,0.5262528538143953,44.0
1,371,-E9_2,5,0.4422328591237009,49.0
1,372,-E9_2,7,0.307650684051443,56.0
1,373,-E9_2,8,0.04390342563049728,64.0
1,374,-E9_2,10,0.01231221906592234,74.0
1,375,-E9_2,10,0.009173224235397518,84.0
1,376,-E9_2,9,0.11275831778459788,86.0
1,377,-E9_2,8,0.18314527046059872,63.0
1,378,-E9_2,8,0.22027044706668208,71.0
1,379,-E9_2,7,0.5544554853197947,63.0
1,380,-E9_2,6,0.35499176910233554,53.0
1,381,-E9_2,6,0.45623664992012664,59.0
1,382,-E9_2,7,0.304378290821337,64.0
1,383,-E9_2,6,0.3330816899648619,69.0
1,384,-E9_2,7,0.3034567168125338,76.0
1,385,-E9_2,6,0.48167074300739604,52.0
1,386,-E9_2,7,0.7790917754588764,72.0
1,387,-E9_2,6,0.5549609178642569,50.0
1,388,-E9_2,4,1.083909952218364,32.0
1,389,-E9_2,4,1.2116701867171034,21.0
1,390,-E9_2,2,1.985046496400546,6.0
1,391,-E9_2,3,2.180117866460755,9.0
1,392,-E9_2,3,1.9604890130617725,9.0
1,393,-E9_2,3,1.8568412485948915,11.0
1,394,-E9_2,2,1.6614688305595728,12.0
1,395,-E9_2,2,2.080765728477357,14.0
1,396,-E9_2,2,1.8464384811674304,16.0
1,397,-E9_2,4,1.7979120403862179,37.0
1,398,-E9_2,0,2.2095480147359177,0.0
1,399,-E9_2,0,1.9942445955319514,0.0
1,400,-E9_2,1,2.3093536413403344,1.0
1,401,-E9_2,2,2.6064277595630094,3.0
1,402,-E9_2,3,2.5542929449078122,6.0
1,403,-E9_2,4,2.0344745088835143,8.0
1,404,-E9_2,3,1.988377331528043,8.0
1,405,-E9_2,3,1.7520569746113905,9.0
1,406,-E9_2,4,1.5836677081748372,13.0
1,407,-E9_2,5,0.8717789294540942,18.0
1,408,-E9_2,5,0.7619124752576202,22.0
1,409,-E9_2,4,0.7751059225625027,17.0
1,410,-E9_2,5,0.4620311014252879,16.0
1,411,-E9_2,3,0.4471826570188342,12.0
1,412,-E9_2,4,0.5163058287903115,16.0
1,413,-E9_2,6,0.7772846149664292,22.0
1,414,-E9_2,5,1.244727705846094,26.0
1,415,-E9_2,6,0.9871777418580753,32.0
1,416,-E9_2,6,0.7448137202120736,38.0
1,417,-E9_2,7,0.7211303495508748,45.0
1,418,-E9_2,7,0.41795280747064933,52.0
1,419,-E9_2,9,0.12236315133582903,61.0
1,420,-E9_2,9,0.23224557285779387,69.0
1,421,-E9_2,9,0.22894140322814066,78.0
1,422,-E9_2,10,0.14682038341560832,88.0
1,423,-E9_2,11,0.08943790573019374,99.0
1,424,-E9_2,12,0.009560945576824093,111.0
1,425,-E9_2,12,0.005802703458009896,123.0
1,426,-E9_2,12,0.0018127080369532988,135.0
1,427,-E9_2,12,0.000671080060241717,147.0
1,428,-E9_2,12,0.0001271754561720422,159.0
1,429,-E9_2,12,1.1479830126685472e-05,171.0
1,430,-E9_2,12,0.0,183.0
1,431,-E9_2,12,0.0,195.0
1,432,-E9_2,12,0.0,207.0
1,433,-E9_2,12,0.0,219.0
1,434,-E9_2,12,0.0,231.0
1,435,-E9_2,12,0.0,243.0
1,436,-E9_2,12,0.0,255.0
1,437,-E9_2,12,0.0,267.0
1,438,-E9_2,12,0.0,279.0
1,439,-E9_2,12,0.0,291.0
1,440,-E9_2,12,0.0,303.0
1,441,-E9_2,12,0.0,315.0
1,442,-E9_2,12,0.0,327.0
1,443,-E9_2,12,0.0,339.0
1,444,-E9_2,12,0.0,351.0
1,445,-E9_2,12,0.0,363.0
1,446,-E9_2,12,0.0,375.0
1,447,-E9_2,12,0.0,387.0
1,448,-E9_2,12,0.0,399.0
1,449,-E9_2,12,0.0,411.0
1,450,-E9_2,11,0.0,378.0
1,451,-E9_2,10,0.14213066777479466,345.0
1,452,-E9_2,9,0.4524990655986022,312.0
1,453,-E9_2,8,0.332051725462056,279.0
1,454,-E9_2,8,0.32104396546874076,246.0
1,455,-E9_2,6,0.6042447222355662,211.0
1,456,-E9_2,5,0.7868207283552131,177.0
1,457,-E9_2,5,0.7345317093434738,144.0
1,458,-E9_2,4,0.6061099671105871,110.0
1,459,-E9_2,3,0.5314811410305804,76.0
1,460,-E9_2,2,0.6560772989795978,38.0
1,461,-E9_2,2,0.7631005127236109,3.0
1,462,-E9_2,3,0.7033746182249516,6.0
1,463,-E9_2,3,0.6184268231208013,9.0
1,464,-E9_2,5,0.4250569831534651,14.0
1,465,-E9_2,6,0.22039746974865618,37.0
1,466,-E9_2,6,0.18186308619329933,25.0
1,467,-E9_2,10,0.05972204517075325,35.0
1,468,-E9_2,10,0.012678507356082587,45.0
1,469,-E9_2,11,0.0021575114968511565,56.0
1,470,-E9_2,11,0.0004847565619347146,67.0
1,471,-E9_2,11,0.00011460480861278344,78.0
1,472,-E9_2,11,1.5975787060021847e-05,89.0
1,473,-E9_2,9,0.06434858949315153,86.0
1,474,-E9_2,10,0.0459660321466095,91.0
1,475,-E9_2,11,0.01602378421750407,102.0
1,476,-E9_2,11,0.007687224494645434,113.0
1,477,-E9_2,11,0.0008155974813889038,124.0
1,478,-E9_2,11,0.00039538308479094056,135.0
1,479,-E9_2,11,9.649289531562468e-05,146.0
1,480,-E9_2,11,2.4950556100018878e-05,157.0
1,481,-E9_2,11,0.0,168.0
1,482,-E9_2,10,0.1914367663568224,157.0
1,483,-E9_2,10,0.03578534830048072,167.0
1,484,-E9_2,10,0.1694632608124282,177.0
1,485,-E9_2,9,0.17213411410467377,161.0
1,486,-E9_2,9,0.03115621941863773,170.0
1,487,-E9_2,10,0.03966380144727099,180.0
1,488,-E9_2,9,0.3044181157227352,165.0
1,489,-E9_2,9,0.24137913721435603,174.0
1,490,-E9_2,9,0.47631691156577594,183.0
1,491,-E9_2,9,0.18940894603030758,192.0
1,492,-E9_2,8,0.6593789373179163,175.0
1,493,-E9_2,7,0.9014350668321253,132.0
1,494,-E9_2,7,0.46694476206198005,120.0
1,495,-E9_2,6,0.421888093289763,118.0
1,496,-E9_2,7,0.3235160445102041,125.0
1,497,-E9_2,8,0.29119479426281963,129.0
1,498,-E9_2,9,0.1775001816795766,169.0
1,499,-E9_2,8,0.15484067005858443,140.0
1,500,-E9_2,7,0.1950211371459963,111.0
1,501,-E9_2,7,0.1818682271920428,83.0
1,502,-E9_2,7,0.1716224487738237,51.0
1,503,-E9_2,7,0.15849029094799497,27.0
1,504,-E9_2,9,0.12487110213565977,36.0
1,505,-E9_2,9,0.07560728424815379,45.0
1,506,-E9_2,10,0.04299760406855024,55.0
1,507,-E9_2,11,0.031757457511216385,66.0
1,508,-E9_2,11,0.016424835445408726,77.0
1,509,-E9_2,12,0.00861584225515189,89.0
1,510,-E9_2,12,0.004934630839611755,101.0
1,511,-E9_2,12,0.0006035590737350054,113.0
1,512,-E9_2,12,0.0002124887413653628,125.0
1,513,-E9_2,12,1.478099105944102e-05,137.0
1,514,-E9_2,12,0.0,149.0
1,515,-E9_2,11,0.21247034864694192,146.0
1,516,-E9_2,12,0.00448219968037477,158.0
1,517,-E9_2,12,0.0002188873911052703,170.0
1,518,-E9_2,12,2.0412305915366624e-05,182.0
1,519,-E9_2,12,0.0,194.0
1,520,-E9_2,12,0.0,206.0
1,521,-E9_2,12,0.0,218.0
1,522,-E9_2,11,0.17310820689114434,210.0
1,523,-E9_2,11,0.03308360255961096,221.0
1,524,-E9_2,11,0.010140772616050814,232.0
1,525,-E9_2,12,0.0008442558007903783,244.0
1,526,-E9_2,12,2.028071585174406e-05,256.0
1,527,-E9_2,12,0.0,268.0
1,528,-E9_2,12,0.0,280.0
1,529,-E9_2,12,0.0,292.0
1,530,-E9_2,12,0.0,304.0
1,531,-E9_2,12,0.12885653181001544,314.0
1,532,-E9_2,11,0.12377658521727476,299.0
1,533,-E9_2,11,0.07083256859962322,310.0
1,534,-E9_2,12,0.03569311812610895,322.0
1,535,-E9_2,12,0.024854395795839094,334.0
1,536,-E9_2,13,0.0011034704174049058,347.0
1,537,-E9_2,13,0.000656179596858042,360.0
1,538,-E9_2,13,3.633594164057284e-05,373.0
1,539,-E9_2,13,0.0,386.0
1,540,-E9_2,12,0.0,354.0
1,541,-E9_2,11,0.12144077479951597,321.0
1,542,-E9_2,10,0.3934390857915278,288.0
1,543,-E9_2,9,0.3250158382378684,256.0
1,544,-E9_2,9,0.26892310914900724,224.0
1,545,-E9_2,7,0.46231035155002936,189.0
1,546,-E9_2,6,0.7007569802749615,155.0
1,547,-E9_2,5,0.940951375681612,120.0
1,548,-E9_2,6,0.49111528326494547,87.0
1,549,-E9_2,5,0.4493698242761896,59.0
1,550,-E9_2,6,0.4012962993139118,40.0
1,551,-E9_2,6,0.41201791961520084,46.0
1,552,-E9_2,6,0.4328678739258334,34.0
1,553,-E9_2,5,0.4987682805831634,19.0
1,554,-E9_2,6,0.4141339041759352,26.0
1,555,-E9_2,6,0.3740145710155165,17.0
1,556,-E9_2,6,0.38833464931572337,23.0
1,557,-E9_2,7,0.3164133742646627,30.0
1,558,-E9_2,8,0.4425620234056092,40.0
1,559,-E9_2,8,0.6260267073989694,45.0
1,560,-E9_2,8,0.4741304165804129,53.0
1,561,-E9_2,8,0.8269211405489576,61.0
1,562,-E9_2,7,0.8370060463183038,59.0
1,563,-E9_2,7,0.936702440696943,53.0
1,564,-E9_2,7,1.1212995791559006,48.0
1,565,-E9_2,6,0.9630846371873897,43.0
1,566,-E9_2,6,1.1129630865877842,38.0
1,567,-E9_2,5,1.191118312556573,36.0
1,568,-E9_2,4,1.1560011982600944,38.0
1,569,-E9_2,5,1.2502258009677543,41.0
1,570,-E9_2,4,1.139447311490351,44.0
1,571,-E9_2,4,1.67655524707697,48.0
1,572,-E9_2,5,1.3649658865764882,53.0
1,573,-E9_2,5,1.6773572716289893,58.0
1,574,-E9_2,5,2.35216767851393,61.0
1,575,-E9_2,3,2.5285766518248436,43.0
1,576,-E9_2,4,2.999838524420005,47.0
1,577,-E9_2,4,2.165316547277361,51.0
1,578,-E9_2,4,2.4478299440348636,46.0
1,579,-E9_2,4,2.13134752148593,49.0
1,580,-E9_2,3,2.600488839921369,51.0
1,581,-E9_2,3,2.4031758082361674,54.0
1,582,-E9_2,3,2.717471555242309,57.0
1,583,-E9_2,3,2.9832094537582696,60.0
1,584,-E9_2,3,2.9455765183072096,63.0
1,585,-E9_2,2,3.2208358016494314,56.0
1,586,-E9_2,3,2.642574620009682,59.0
1,587,-E9_2,4,1.641945789128788,94.0
1,588,-E9_2,2,1.336468852510936,33.0
1,589,-E9_2,2,1.1942385992838218,5.0
1,590,-E9_2,2,1.1853199609194374,7.0
1,591,-E9_2,4,1.1465701562829675,11.0
1,592,-E9_2,4,1.253643393291463,15.0
1,593,-E9_2,5,0.9152478427014941,20.0
1,594,-E9_2,4,0.851227882376406,21.0
1,595,-E9_2,5,0.6492133413742811,26.0
1,596,-E9_2,5,0.56659280970141,31.0
1,597,-E9_2,6,0.34488207345687844,37.0
1,598,-E9_2,7,0.20759600487798166,44.0
1,599,-E9_2,8,0.16015888337140124,60.0
1,600,-E9_2,8,0.10319333698295989,59.0
1,601,-E9_2,9,0.09048530505991559,68.0
1,602,-E9_2,10,0.06743358813468528,78.0
1,603,-E9_2,11,0.032108805765887795,89.0
1,604,-E9_2,11,0.0161309565088715,100.0
1,605,-E9_2,11,0.012342964850155694,111.0
1,606,-E9_2,12,0.003729544194387806,123.0
1,607,-E9_2,12,0.00271539552363357,135.0
1,608,-E9_2,12,0.0015248373729080354,147.0
1,609,-E9_2,12,0.0007755396827620157,159.0
1,610,-E9_2,12,0.0004265661976429901,171.0
1,611,-E9_2,12,0.0001455235209230667,183.0
1,612,-E9_2,12,9.041489070665166e-05,195.0
1,613,-E9_2,12,2.9866761566839825e-05,207.0
1,614,-E9_2,12,2.2457702213227482e-05,219.0
1,615,-E9_2,12,0.0,231.0
1,616,-E9_2,12,0.0,243.0
1,617,-E9_2,12,0.0,255.0
1,618,-E9_2,12,0.0,267.0
1,619,-E9_2,12,0.0,279.0
1,620,-E9_2,12,0.0,291.0
1,621,-E9_2,12,0.0,303.0
1,622,-E9_2,12,0.0,315.0
1,623,-E9_2,12,0.0,327.0
1,624,-E9_2,12,0.0,339.0
1,625,-E9_2,12,0.0,351.0
1,626,-E9_2,12,0.0,363.0
1,627,-E9_2,12,0.0,375.0
1,628,-E9_2,12,0.0,387.0
1,629,-E9_2,12,0.0,399.0
1,630,-E9_2,11,0.0,366.0
1,631,-E9_2,10,0.14883111249334477,334.0
1,632,-E9_2,9,0.4681009260109564,302.0
1,633,-E9_2,9,0.15084245930741225,271.0
1,634,-E9_2,9,0.13761189003408486,241.0
1,635,-E9_2,8,0.16541153007004256,211.0
1,636,-E9_2,7,0.3645793280850643,177.0
1,637,-E9_2,5,0.4273837039262599,142.0
1,638,-E9_2,4,0.4408303827976811,107.0
1,639,-E9_2,5,0.2193596511618381,75.0
1,640,-E9_2,4,0.18796035318079712,40.0
1,641,-E9_2,3,0.18997238490162552,6.0
1,642,-E9_2,5,0.15220776733452243,9.0
1,643,-E9_2,5,0.09147151364546927,13.0
1,644,-E9_2,6,0.05850724600068078,19.0
1,645,-E9_2,7,0.0469452019170039,26.0
1,646,-E9_2,9,0.0377837714020487,35.0
1,647,-E9_2,9,0.02797838846007017,43.0
1,648,-E9_2,9,0.0725961025833321,52.0
1,649,-E9_2,9,0.15818515764803862,61.0
1,650,-E9_2,9,0.1382324044194668,70.0
1,651,-E9_2,11,0.01027562322568321,81.0
1,652,-E9_2,11,0.0027381570452314624,92.0
1,653,-E9_2,11,0.0021922412107908524,103.0
1,654,-E9_2,11,0.002256222407739086,114.0
1,655,-E9_2,11,0.0022075707640518472,125.0
1,656,-E9_2,11,0.002269416935596054,136.0
1,657,-E9_2,10,0.041832556838314036,140.0
1,658,-E9_2,9,0.19611484070014054,130.0
1,659,-E9_2,9,0.09613971011834511,121.0
1,660,-E9_2,8,0.3824566593652772,111.0
1,661,-E9_2,7,0.7676240255825018,108.0
1,662,-E9_2,7,0.26567239155328815,112.0
1,663,-E9_2,7,0.43965181398491876,119.0
1,664,-E9_2,7,0.5258463136613767,124.0
1,665,-E9_2,6,0.2989294850933035,129.0
1,666,-E9_2,6,0.6272141798568405,135.0
1,667,-E9_2,8,0.7753098266462864,203.0
1,668,-E9_2,7,0.6239507549132111,148.0
1,669,-E9_2,5,0.9910298061458802,125.0
1,670,-E9_2,5,0.5518630199335681,130.0
1,671,-E9_2,5,1.0231622620820788,135.0
1,672,-E9_2,5,1.4396317221401222,140.0
1,673,-E9_2,5,1.6059442324626945,145.0
1,674,-E9_2,6,1.3350461167192156,155.0
1,675,-E9_2,4,1.0288394242049381,122.0
1,676,-E9_2,4,0.7996768104708653,94.0
1,677,-E9_2,4,0.9286964423637716,98.0
1,678,-E9_2,5,0.8586812614016468,103.0
1,679,-E9_2,6,0.6265109530300387,109.0
1,680,-E9_2,6,0.3881398048985213,114.0
1,681,-E9_2,7,0.3422841327875475,121.0
1,682,-E9_2,8,0.25615676625352735,129.0
1,683,-E9_2,8,0.1860545095475066,137.0
1,684,-E9_2,9,0.09016737009680434,146.0
1,685,-E9_2,10,0.04180755127513123,156.0
1,686,-E9_2,11,0.006039591427827778,167.0
1,687,-E9_2,11,0.0034241867821098743,178.0
1,688,-E9_2,11,0.0016154481253876827,189.0
1,689,-E9_2,11,0.00019517851875159673,200.0
1,690,-E9_2,11,0.00015319859605943332,211.0
1,691,-E9_2,11,5.372267556717839e-05,222.0
1,692,-E9_2,11,9.938132585610145e-06,233.0
1,693,-E9_2,11,0.0,244.0
1,694,-E9_2,10,0.20918551153842022,205.0
1,695,-E9_2,10,0.28341366488883213,215.0
1,696,-E9_2,10,0.021346699587640117,225.0
1,697,-E9_2,11,0.001881959817236425,236.0
1,698,-E9_2,11,0.0002677611600650322,247.0
1,699,-E9_2,11,0.0,258.0
1,700,-E9_2,11,0.0,269.0
1,701,-E9_2,11,0.0,280.0
1,702,-E9_2,11,0.0,291.0
1,703,-E9_2,10,0.171140243917365,244.0
1,704,-E9_2,10,0.056834959454807994,254.0
1,705,-E9_2,10,0.26015991937608524,264.0
1,706,-E9_2,10,0.021424207512597382,274.0
1,707,-E9_2,11,0.006241411024628405,285.0
1,708,-E9_2,11,0.0002995076860345261,296.0
1,709,-E9_2,11,0.0,307.0
1,710,-E9_2,11,0.0,318.0
1,711,-E9_2,11,0.0,329.0
1,712,-E9_2,11,0.0,340.0
1,713,-E9_2,11,0.1557000603177585,366.0
1,714,-E9_2,11,0.3007522055532869,377.0
1,715,-E9_2,11,0.015372622947260323,388.0
1,716,-E9_2,12,0.0012145967554085932,400.0
1,717,-E9_2,12,4.9263569214973075e-05,412.0
1,718,-E9_2,12,0.0,424.0
1,719,-E9_2,12,0.0,436.0
1,720,-E9_2,11,0.0,403.0
1,721,-E9_2,10,0.13334455494241393,370.0
1,722,-E9_2,8,0.5920859713244857,246.0
1,723,-E9_2,8,0.34414395969925493,212.0
1,724,-E9_2,7,0.08698028850884047,177.0
1,725,-E9_2,8,0.10372746929382619,144.0
1,726,-E9_2,6,0.3812076546543986,106.0
1,727,-E9_2,5,0.3495913624514627,68.0
1,728,-E9_2,5,0.42259456981147375,72.0
1,729,-E9_2,6,0.2784343458772454,45.0
1,730,-E9_2,4,0.1801759742832934,25.0
1,731,-E9_2,6,0.11128156487129166,16.0
1,732,-E9_2,5,0.09143817117467677,13.0
1,733,-E9_2,7,0.05636516675166023,20.0
1,734,-E9_2,8,0.06325203739571622,28.0
1,735,-E9_2,7,0.15203461058348527,27.0
1,736,-E9_2,8,0.11970002238204577,30.0
1,737,-E9_2,7,0.2846248592997314,32.0
1,738,-E9_2,7,0.5998431437703203,39.0
1,739,-E9_2,9,0.34758094583666993,59.0
1,740,-E9_2,7,0.622291180457115,43.0
1,741,-E9_2,5,1.0353733950132127,33.0
1,742,-E9_2,6,0.7151736801281815,30.0
1,743,-E9_2,5,0.6655211446779749,34.0
1,744,-E9_2,5,1.3627280454558386,37.0
1,745,-E9_2,4,1.1119336972869265,40.0
1,746,-E9_2,4,1.8404289447858284,44.0
1,747,-E9_2,6,1.3302556203284646,54.0
1,748,-E9_2,6,1.5137896511090838,55.0
1,749,-E9_2,5,1.6413936861081997,58.0
1,750,-E9_2,5,1.5618234495079104,61.0
1,751,-E9_2,4,2.2993477625602434,64.0
1,752,-E9_2,4,1.920277679600211,68.0
1,753,-E9_2,4,1.934645661199889,72.0
1,754,-E9_2,4,2.1413199005414425,76.0
1,755,-E9_2,5,1.658937675719182,81.0
1,756,-E9_2,4,2.175510046417319,84.0
1,757,-E9_2,5,2.12404472141386,90.0
1,758,-E9_2,3,3.004875647613815,67.0
1,759,-E9_2,2,3.030084294419569,45.0
1,760,-E9_2,2,3.062270905636411,23.0
1,761,-E9_2,1,2.384963087373601,1.0
1,762,-E9_2,2,2.692458309160159,3.0
1,763,-E9_2,2,2.719926974342967,5.0
1,764,-E9_2,3,2.2958983928826924,8.0
1,765,-E9_2,3,2.404510593904859,11.0
1,766,-E9_2,3,1.9252624264638334,14.0
1,767,-E9_2,5,1.1500792835876734,19.0
1,768,-E9_2,4,1.1690985591882157,16.0
1,769,-E9_2,6,1.2637217711482567,22.0
1,770,-E9_2,7,0.898347406125527,29.0
1,771,-E9_2,8,0.40568206804032114,37.0
1,772,-E9_2,7,0.8187326084920067,39.0
1,773,-E9_2,7,0.9855877739332386,42.0
1,774,-E9_2,6,0.8800369559257812,44.0
1,775,-E9_2,6,1.0099067340011965,37.0
1,776,-E9_2,6,1.0111561492638124,43.0
1,777,-E9_2,7,0.6662331948797433,50.0
1,778,-E9_2,8,0.5863147971319326,58.0
1,779,-E9_2,9,0.3353203335307267,67.0
1,780,-E9_2,11,0.022902027580066816,78.0
1,781,-E9_2,12,0.01348332356131562,90.0
1,782,-E9_2,12,0.008876416827172435,102.0
1,783,-E9_2,12,0.004765777336860506,114.0
1,784,-E9_2,12,0.003087403966755897,126.0
1,785,-E9_2,12,0.0005955016654575295,138.0
1,786,-E9_2,12,0.0003462772416042057,150.0
1,787,-E9_2,12,0.00015641966704722557,162.0
1,788,-E9_2,12,3.6539320595976345e-05,174.0
1,789,-E9_2,12,0.0,186.0
1,790,-E9_2,11,0.1243485210405197,187.0
1,791,-E9_2,11,0.052206332451336435,198.0
1,792,-E9_2,11,0.13191531642196583,209.0
1,793,-E9_2,11,0.011121917551380471,220.0
1,794,-E9_2,12,0.00017270161188499494,232.0
1,795,-E9_2,12,2.356416178418332e-05,244.0
1,796,-E9_2,12,0.0,256.0
1,797,-E9_2,12,0.0,268.0
1,798,-E9_2,12,0.0,280.0
1,799,-E9_2,12,0.0,292.0
1,800,-E9_2,12,0.0,304.0
1,801,-E9_2,12,0.0,316.0
1,802,-E9_2,12,0.0,328.0
1,803,-E9_2,12,0.0,340.0
1,804,-E9_2,12,0.0,352.0
1,805,-E9_2,12,0.0,364.0
1,806,-E9_2,12,0.0,376.0
1,807,-E9_2,12,0.0,388.0
1,808,-E9_2,12,0.0,400.0
1,809,-E9_2,12,0.0,412.0
1,810,-E9_2,11,0.0,377.0
1,811,-E9_2,10,0.14293548816593193,343.0
1,812,-E9_2,9,0.28985009543365037,309.0
1,813,-E9_2,10,0.057004696140523926,277.0
1,814,-E9_2,9,0.08049990777778672,244.0
1,815,-E9_2,10,0.027700484912898362,253.0
1,816,-E9_2,10,0.2158959563945956,262.0
1,817,-E9_2,10,0.2767502985554488,270.0
1,818,-E9_2,9,0.25359821548257716,277.0
1,819,-E9_2,9,0.33720371175507996,284.0
1,820,-E9_2,10,0.2577478218473419,294.0
1,821,-E9_2,11,0.15199139368586337,305.0
1,822,-E9_2,11,0.023920177961072236,316.0
1,823,-E9_2,12,0.008870173758126307,328.0
1,824,-E9_2,12,0.003213923679120871,340.0
1,825,-E9_2,12,0.001798177586811251,352.0
1,826,-E9_2,12,0.00042446935912372996,364.0
1,827,-E9_2,12,0.00013873190667610028,376.0
1,828,-E9_2,12,0.0,388.0
1,829,-E9_2,11,0.03460279308173667,345.0
1,830,-E9_2,10,0.18916952309361,302.0
1,831,-E9_2,10,0.2472350694482143,312.0
1,832,-E9_2,10,0.03646072511302279,322.0
1,833,-E9_2,11,0.01920287112957107,333.0
1,834,-E9_2,11,0.018116900545785578,344.0
1,835,-E9_2,11,0.017869353981848406,355.0
1,836,-E9_2,11,0.017821425255929158,366.0
1,837,-E9_2,10,0.1262730994384138,358.0
1,838,-E9_2,9,0.1366516449503182,349.0
1,839,-E9_2,8,0.2982673906207911,339.0
1,840,-E9_2,7,0.7784649995079128,329.0
1,841,-E9_2,6,0.4476103858210435,327.0
1,842,-E9_2,8,0.07352441530983651,335.0
1,843,-E9_2,6,0.7857163083438222,339.0
1,844,-E9_2,6,0.6349515944469128,345.0
1,845,-E9_2,7,0.7741850934791067,400.0
1,846,-E9_2,7,0.962453536165429,358.0
1,847,-E9_2,6,0.6718645714918611,295.0
1,848,-E9_2,5,1.1643607029103518,298.0
1,849,-E9_2,5,0.8095642965546711,303.0
1,850,-E9_2,5,1.2054015271645864,308.0
1,851,-E9_2,6,0.9124467110215573,314.0
1,852,-E9_2,6,1.3585517750055105,320.0
1,853,-E9_2,7,1.7708305707567071,327.0
1,854,-E9_2,6,1.5830880120793624,330.0
1,855,-E9_2,6,1.260164672334319,334.0
1,856,-E9_2,6,1.184539956475723,340.0
1,857,-E9_2,7,0.9542369122140045,406.0
1,858,-E9_2,8,0.829495980431319,354.0
1,859,-E9_2,6,0.51769319467934,279.0
1,860,-E9_2,6,0.2958315468988368,205.0
1,861,-E9_2,6,0.36066310622372183,131.0
1,862,-E9_2,7,0.3288959424839347,70.0
1,863,-E9_2,7,0.2039155909403079,76.0
1,864,-E9_2,7,0.27448374027963934,82.0
1,865,-E9_2,7,0.2945770059464461,89.0
1,866,-E9_2,7,0.3006301839065496,96.0
1,867,-E9_2,7,0.29736598103732376,103.0
1,868,-E9_2,7,0.24068721570445814,110.0
1,869,-E9_2,8,0.13213796797613284,118.0
1,870,-E9_2,8,0.07330672780610582,126.0
1,871,-E9_2,11,0.022610918797766194,137.0
1,872,-E9_2,11,0.014540057723716917,148.0
1,873,-E9_2,12,0.007262389126493983,160.0
1,874,-E9_2,11,0.09319635323407933,168.0
1,875,-E9_2,11,0.027395345522856353,179.0
1,876,-E9_2,12,0.005809939780804227,191.0
1,877,-E9_2,11,0.14716497569922984,138.0
1,878,-E9_2,11,0.024656251617198307,149.0
1,879,-E9_2,10,0.27895752393209106,149.0
1,880,-E9_2,11,0.05253483603901871,160.0
1,881,-E9_2,12,0.0012226221314618026,172.0
1,882,-E9_2,12,5.604022019975956e-05,184.0
1,883,-E9_2,11,0.12127793711895762,183.0
1,884,-E9_2,11,0.07222774447850507,183.0
1,885,-E9_2,10,0.10819584617888055,188.0
1,886,-E9_2,11,0.045454463507663405,199.0
1,887,-E9_2,11,0.013167598194996388,210.0
1,888,-E9_2,12,0.0027720052448504382,222.0
1,889,-E9_2,12,0.0010524779132852476,234.0
1,890,-E9_2,12,0.0004399411893090288,246.0
1,891,-E9_2,12,0.0002126945678024857,258.0
1,892,-E9_2,12,7.00430390164347e-05,270.0
1,893,-E9_2,12,0.0,282.0
1,894,-E9_2,11,0.12146301331813447,270.0
1,895,-E9_2,11,0.1045031365302751,281.0
1,896,-E9_2,11,0.03209239224589923,292.0
1,897,-E9_2,12,0.001741949058536754,304.0
1,898,-E9_2,12,0.00030793277530827604,316.0
1,899,-E9_2,12,2.8748502199615315e-05,328.0
1,900,-E9_2,11,0.0,294.0
1,901,-E9_2,10,0.16988006048716947,261.0
1,902,-E9_2,9,0.49203219108843455,228.0
1,903,-E9_2,8,0.24558078096817088,172.0
1,904,-E9_2,7,0.2292022740889493,137.0
1,905,-E9_2,6,0.22416046488584324,102.0
1,906,-E9_2,5,0.431481334062723,74.0
1,907,-E9_2,4,0.4139757061536779,55.0
1,908,-E9_2,4,0.39172020021778775,37.0
1,909,-E9_2,3,0.47921639295324747,18.0
1,910,-E9_2,2,0.3659067750169462,7.0
1,911,-E9_2,1,0.644576370202129,3.0
1,912,-E9_2,2,1.0367955909001338,5.0
1,913,-E9_2,5,0.6789943588529634,15.0
1,914,-E9_2,4,0.8982954531810544,8.0
1,915,-E9_2,4,0.7610723816863487,9.0
1,916,-E9_2,5,0.4200141305128228,14.0
1,917,-E9_2,6,0.23065689451846697,20.0
1,918,-E9_2,6,0.23923158080845716,24.0
1,919,-E9_2,7,0.42083311645595617,29.0
1,920,-E9_2,9,0.5073136570253377,38.0
1,921,-E9_2,10,0.2883773966286424,58.0
1,922,-E9_2,9,0.08375889731992908,47.0
1,923,-E9_2,9,0.07540385114951594,47.0
1,924,-E9_2,11,0.03317318219418936,58.0
1,925,-E9_2,12,0.005823531764649544,70.0
1,926,-E9_2,12,0.002416580957768708,82.0
1,927,-E9_2,12,0.0009193584012964002,94.0
1,928,-E9_2,12,0.00031736285170888735,106.0
1,929,-E9_2,11,0.05184687461450458,110.0
1,930,-E9_2,9,0.1377279172029285,96.0
1,931,-E9_2,8,0.16277227791416718,91.0
1,932,-E9_2,9,0.12092332439245995,100.0
1,933,-E9_2,10,0.08390884362518651,110.0
1,934,-E9_2,10,0.10071092083765004,104.0
1,935,-E9_2,10,0.08214600419310208,99.0
1,936,-E9_2,9,0.3057391940289494,95.0
1,937,-E9_2,8,0.6757714352915815,97.0
1,938,-E9_2,7,0.4569541664421556,98.0
1,939,-E9_2,6,0.46664934426423865,75.0
1,940,-E9_2,5,0.6799946154352748,74.0
1,941,-E9_2,5,0.4546888121332304,79.0
1,942,-E9_2,6,0.8462579832121673,85.0
1,943,-E9_2,6,0.8651214932761865,91.0
1,944,-E9_2,6,0.5778845984713699,95.0
1,945,-E9_2,5,0.3387630536436472,99.0
1,946,-E9_2,6,0.2266480464046814,105.0
1,947,-E9_2,7,0.23908326048881384,112.0
1,948,-E9_2,8,0.1986065333963599,122.0
1,949,-E9_2,6,0.2765886891594826,79.0
1,950,-E9_2,4,0.34694168709109174,42.0
1,951,-E9_2,5,0.2803478407461488,16.0
1,952,-E9_2,6,0.22314358854604702,22.0
1,953,-E9_2,7,0.14205866924386168,29.0
1,954,-E9_2,9,0.08184277909305351,38.0
1,955,-E9_2,11,0.026229906993831317,49.0
1,956,-E9_2,11,0.016278455526931416,60.0
1,957,-E9_2,12,0.006734316680827468,72.0
1,958,-E9_2,12,0.002796450919584,84.0
1,959,-E9_2,12,0.0006033906434319427,96.0
1,960,-E9_2,12,0.00022790757950147007,108.0
1,961,-E9_2,12,7.632103626009683e-05,120.0
1,962,-E9_2,12,1.0697889503601517e-05,132.0
1,963,-E9_2,12,0.0,144.0
1,964,-E9_2,11,0.1424870479075859,142.0
1,965,-E9_2,11,0.04973984889091073,153.0
1,966,-E9_2,11,0.060644076154565275,164.0
1,967,-E9_2,11,0.015075522270755015,175.0
1,968,-E9_2,12,0.002543216344304518,187.0
1,969,-E9_2,12,0.0002713491015093553,199.0
1,970,-E9_2,12,1.787188669968318e-05,211.0
1,971,-E9_2,12,0.0,223.0
1,972,-E9_2,12,0.0,235.0
1,973,-E9_2,12,0.0,247.0
1,974,-E9_2,11,0.05101599466663923,237.0
1,975,-E9_2,10,0.08135569852816739,226.0
1,976,-E9_2,9,0.18801295097834567,214.0
1,977,-E9_2,9,0.19866887058535077,223.0
1,978,-E9_2,9,0.1344075293308539,232.0
1,979,-E9_2,9,0.07671084372520844,241.0
1,980,-E9_2,10,0.04527922463958434,251.0
1,981,-E9_2,11,0.01933820015588036,262.0
1,982,-E9_2,11,0.01672289317524275,273.0
1,983,-E9_2,12,0.08755911205803944,285.0
1,984,-E9_2,12,0.03185114677739331,297.0
1,985,-E9_2,12,0.01906042347642014,309.0
1,986,-E9_2,13,0.002773037129426965,322.0
1,987,-E9_2,13,0.0010306010464612415,335.0
1,988,-E9_2,13,0.00018521267571579986,348.0
1,989,-E9_2,13,1.1255498363363188e-05,361.0
1,990,-E9_2,12,0.0,329.0
1,991,-E9_2,11,0.15742143762472233,296.0
1,992,-E9_2,10,0.49783128731707493,263.0
1,993,-E9_2,10,0.1066422225421105,231.0
1,994,-E9_2,9,0.10600288971209094,198.0
1,995,-E9_2,9,0.10276972601538871,166.0
1,996,-E9_2,8,0.40279317070716414,130.0
1,997,-E9_2,6,0.38573444048944805,94.0
1,998,-E9_2,8,0.2016940144465442,100.0
1,999,-E9_2,7,0.38230257872432455,74.0
1,1000,-E9_2,5,0.23102389558260636,58.0
1,1001,-E9_2,5,0.19152804773657836,43.0
1,1002,-E9_2,5,0.199723562776475,29.0
1,1003,-E9_2,6,0.17752453404238333,18.0
1,1004,-E9_2,6,0.13874685781820623,23.0
1,1005,-E9_2,6,0.12812470119158925,29.0
1,1006,-E9_2,7,0.09073896703429378,36.0
1,1007,-E9_2,9,0.07107932194992521,45.0
1,1008,-E9_2,9,0.12274455036468183,53.0
1,1009,-E9_2,9,0.15591914733759363,62.0
1,1010,-E9_2,11,0.016777829465929497,73.0
1,1011,-E9_2,12,0.0030037507348308033,85.0
1,1012,-E9_2,12,0.0004123379948920292,97.0
1,1013,-E9_2,12,6.63851283050049e-05,109.0
1,1014,-E9_2,12,0.0,121.0
1,1015,-E9_2,12,0.0,133.0
1,1016,-E9_2,10,0.17773939163817698,111.0
1,1017,-E9_2,8,0.19297969440259416,94.0
1,1018,-E9_2,8,0.27974077911593964,85.0
1,1019,-E9_2,8,0.6083740269099668,85.0
1,1020,-E9_2,7,0.5248465296906446,91.0
1,1021,-E9_2,8,0.3958114842261603,99.0
1,1022,-E9_2,7,0.8446337728649262,105.0
1,1023,-E9_2,7,0.42336570389446215,112.0
1,1024,-E9_2,7,0.737687537502078,104.0
1,1025,-E9_2,6,0.4619403563889316,96.0
1,1026,-E9_2,8,0.5864032721303808,106.0
1,1027,-E9_2,8,0.7849029303333226,111.0
1,1028,-E9_2,8,0.6024602942289494,116.0
1,1029,-E9_2,8,0.8281994318939624,121.0
1,1030,-E9_2,6,0.4667499221827013,123.0
1,1031,-E9_2,5,0.7647050425969063,125.0
1,1032,-E9_2,5,1.221275684621369,130.0
1,1033,-E9_2,5,1.275591768283515,135.0
1,1034,-E9_2,5,1.2454885123130957,140.0
1,1035,-E9_2,6,0.995959249156603,198.0
1,1036,-E9_2,7,0.665453408402771,152.0
1,1037,-E9_2,6,0.37881938701048823,124.0
1,1038,-E9_2,8,0.2067466313299301,132.0
1,1039,-E9_2,9,0.18816931397460673,140.0
1,1040,-E9_2,8,0.22327404435839612,147.0
1,1041,-E9_2,8,0.19103147580189236,155.0
1,1042,-E9_2,8,0.15606760687359567,163.0
1,1043,-E9_2,8,0.11402280343700243,171.0
1,1044,-E9_2,8,0.0943811164211043,179.0
1,1045,-E9_2,8,0.07220075722703213,187.0
1,1046,-E9_2,9,0.05024874543959392,196.0
1,1047,-E9_2,9,0.1698763093059767,204.0
1,1048,-E9_2,9,0.43021472724006443,212.0
1,1049,-E9_2,8,0.4864611547938628,219.0
1,1050,-E9_2,9,0.47691998558805215,294.0
1,1051,-E9_2,9,0.16083369885826773,236.0
1,1052,-E9_2,9,0.11184208754016278,199.0
1,1053,-E9_2,11,0.03056833269579856,210.0
1,1054,-E9_2,12,0.0058094641553375695,222.0
1,1055,-E9_2,12,0.0009520721316072832,234.0
1,1056,-E9_2,12,0.0001120661913409596,246.0
1,1057,-E9_2,12,2.3169990053658557e-05,258.0
1,1058,-E9_2,12,0.0,270.0
1,1059,-E9_2,11,0.12505268267705105,273.0
1,1060,-E9_2,10,0.23383143895986422,230.0
1,1061,-E9_2,11,0.052047280123161975,241.0
1,1062,-E9_2,12,0.00838161539496077,253.0
1,1063,-E9_2,12,0.00023203353673708675,265.0
1,1064,-E9_2,12,3.998696495085657e-05,277.0
1,1065,-E9_2,12,1.1769092231227186e-05,289.0
1,1066,-E9_2,12,0.0,301.0
1,1067,-E9_2,11,0.07756755915775321,253.0
1,1068,-E9_2,10,0.20466156183210127,248.0
1,1069,-E9_2,11,0.11725868602632283,259.0
1,1070,-E9_2,11,0.015714782900539473,270.0
1,1071,-E9_2,12,0.00419609567735104,282.0
1,1072,-E9_2,12,0.00018167339528781957,294.0
1,1073,-E9_2,12,1.013706016340117e-05,306.0
1,1074,-E9_2,12,0.0,318.0
1,1075,-E9_2,11,0.09850593540997711,264.0
1,1076,-E9_2,11,0.011717667665982175,275.0
1,1077,-E9_2,11,0.13763345069496755,263.0
1,1078,-E9_2,11,0.12337464046208207,274.0
1,1079,-E9_2,11,0.042588541397494795,285.0
1,1080,-E9_2,11,0.005570186580829147,252.0
1,1081,-E9_2,10,0.11328090711555094,218.0
1,1082,-E9_2,9,0.3330547723194746,183.0
1,1083,-E9_2,8,0.3094860497847384,147.0
1,1084,-E9_2,8,0.23743084480652749,123.0
1,1085,-E9_2,7,0.27765369355181896,98.0
1,1086,-E9_2,5,0.6078025917955772,52.0
1,1087,-E9_2,2,1.0428953102686744,19.0
1,1088,-E9_2,0,1.235219762349017,0.0
1,1089,-E9_2,1,0.7560558549986038,1.0
1,1090,-E9_2,2,0.6568639807370039,3.0
1,1091,-E9_2,4,0.5567204712855682,7.0
1,1092,-E9_2,4,0.4061236158036611,11.0
1,1093,-E9_2,3,0.4226205750030122,12.0
1,1094,-E9_2,5,0.5177268169803839,17.0
1,1095,-E9_2,6,0.4348451039198211,23.0
1,1096,-E9_2,6,0.9185569874249754,27.0
1,1097,-E9_2,8,0.7363106389920951,44.0
1,1098,-E9_2,7,0.49757049107899703,32.0
1,1099,-E9_2,6,0.6650094056125072,29.0
1,1100,-E9_2,6,0.6800488949759702,26.0
1,1101,-E9_2,6,0.9489666862927197,25.0
1,1102,-E9_2,7,1.0196055938213497,27.0
1,1103,-E9_2,5,0.771757171744366,27.0
1,1104,-E9_2,4,0.9725125367662837,29.0
1,1105,-E9_2,5,1.0686322076238557,34.0
1,1106,-E9_2,3,0.8581504306300464,28.0
1,1107,-E9_2,4,1.27811594191433,32.0
1,1108,-E9_2,4,1.0039626046485093,35.0
1,1109,-E9_2,6,1.181744208149704,40.0
1,1110,-E9_2,6,1.660442872958243,46.0
1,1111,-E9_2,6,1.4676235440002618,52.0
1,1112,-E9_2,6,1.7365396119674306,55.0
1,1113,-E9_2,6,1.7712219482803193,61.0
1,1114,-E9_2,7,1.704867957676478,75.0
1,1115,-E9_2,6,1.9190657609296828,73.0
1,1116,-E9_2,4,1.7449857263466353,50.0
1,1117,-E9_2,4,2.1134133580383474,54.0
1,1118,-E9_2,5,1.8245767424861912,59.0
1,1119,-E9_2,5,2.36415205005746,64.0
1,1120,-E9_2,5,1.8442751850137489,69.0
1,1121,-E9_2,6,2.202332572276412,75.0
1,1122,-E9_2,6,1.8583854083537936,81.0
1,1123,-E9_2,6,2.3026353350147946,87.0
1,1124,-E9_2,5,2.1812566572637713,86.0
1,1125,-E9_2,5,1.940672995098669,87.0
1,1126,-E9_2,6,1.6227820332072231,102.0
1,1127,-E9_2,5,1.8267208028810349,97.0
1,1128,-E9_2,5,1.1759128690981997,71.0
1,1129,-E9_2,5,0.8460303650331076,47.0
1,1130,-E9_2,6,0.7553797524080232,32.0
1,1131,-E9_2,5,0.6778969609863557,18.0
1,1132,-E9_2,6,0.5005660956811012,21.0
1,1133,-E9_2,5,0.8186992503531048,23.0
1,1134,-E9_2,5,1.1949368486218854,26.0
1,1135,-E9_2,5,1.4706335455806965,30.0
1,1136,-E9_2,5,1.0717986805788164,35.0
1,1137,-E9_2,5,0.8141123332741887,40.0
1,1138,-E9_2,6,0.623185292387131,43.0
1,1139,-E9_2,6,0.9619896247360625,48.0
1,1140,-E9_2,6,0.6408700553157967,53.0
1,1141,-E9_2,9,0.27214040594996286,62.0
1,1142,-E9_2,9,0.1619112291742151,71.0
1,1143,-E9_2,10,0.03386005306754313,81.0
1,1144,-E9_2,11,0.011279271790684445,92.0
1,1145,-E9_2,11,0.009755361567831468,103.0
1,1146,-E9_2,11,0.00920413266091111,114.0
1,1147,-E9_2,10,0.09065440738415687,117.0
1,1148,-E9_2,10,0.04363846227930888,127.0
1,1149,-E9_2,11,0.012639161447723042,138.0
1,1150,-E9_2,11,0.005668068142290708,149.0
1,1151,-E9_2,11,0.004745304403589455,160.0
1,1152,-E9_2,11,0.004569149936951545,171.0
1,1153,-E9_2,11,0.00452823282939921,182.0
1,1154,-E9_2,11,0.004516511838230392,193.0
1,1155,-E9_2,11,0.0037231600505044852,204.0
1,1156,-E9_2,10,0.09697097027600438,199.0
1,1157,-E9_2,11,0.0030016168992541043,210.0
1,1158,-E9_2,11,5.0480580579865574e-05,221.0
1,1159,-E9_2,11,0.0,232.0
1,1160,-E9_2,11,0.0,243.0
1,1161,-E9_2,11,0.0,254.0
1,1162,-E9_2,11,0.0,265.0
1,1163,-E9_2,10,0.22694929165299982,250.0
1,1164,-E9_2,10,0.15940700794117316,260.0
1,1165,-E9_2,10,0.3251028354689492,270.0
1,1166,-E9_2,10,0.011794123708016574,280.0
1,1167,-E9_2,10,0.12380501888521347,264.0
1,1168,-E9_2,10,0.0685638022954756,249.0
1,1169,-E9_2,8,0.24678258340337617,231.0
1,1170,-E9_2,7,0.49118452167209414,193.0
1,1171,-E9_2,8,0.35803693301267087,172.0
1,1172,-E9_2,6,0.5637769176724148,121.0
1,1173,-E9_2,8,0.3183248315638575,129.0
1,1174,-E9_2,9,0.4400950153786248,138.0
1,1175,-E9_2,8,0.436145977171396,142.0
1,1176,-E9_2,9,0.24134660745688308,151.0
1,1177,-E9_2,6,0.6714571691374865,107.0
1,1178,-E9_2,4,0.6979316897049761,70.0
1,1179,-E9_2,5,0.5031938281881412,45.0
1,1180,-E9_2,8,0.20515315936578976,52.0
1,1181,-E9_2,8,0.1207554315786723,60.0
1,1182,-E9_2,9,0.1929625646925638,67.0
1,1183,-E9_2,9,0.11216072623651187,76.0
1,1184,-E9_2,9,0.07177099974916902,85.0
1,1185,-E9_2,10,0.03658949297594835,95.0
1,1186,-E9_2,11,0.011501596263413676,106.0
1,1187,-E9_2,10,0.05947542082148413,109.0
1,1188,-E9_2,9,0.07982263614028542,112.0
1,1189,-E9_2,10,0.04232688912130975,122.0
1,1190,-E9_2,10,0.01701403313458613,127.0
1,1191,-E9_2,10,0.07531695395106877,137.0
1,1192,-E9_2,9,0.3239949406329117,98.0
1,1193,-E9_2,8,0.21314106366650382,93.0
1,1194,-E9_2,8,0.39819589999866933,89.0
1,1195,-E9_2,6,0.548014272923786,91.0
1,1196,-E9_2,6,0.5703374160333313,97.0
1,1197,-E9_2,7,0.36753471144050875,104.0
1,1198,-E9_2,8,0.07820703022031752,112.0
1,1199,-E9_2,9,0.024457436405585113,121.0
1,1200,-E9_2,10,0.006562371892600066,131.0
1,1201,-E9_2,10,0.002141656836133797,141.0
1,1202,-E9_2,9,0.1602481306839384,147.0
1,1203,-E9_2,8,0.16753252198263846,152.0
1,1204,-E9_2,6,0.71961976710656,103.0
1,1205,-E9_2,7,0.5243868612288302,118.0
1,1206,-E9_2,6,0.658833152998597,115.0
1,1207,-E9_2,5,0.887298550237758,111.0
1,1208,-E9_2,7,0.5906364120881218,130.0
1,1209,-E9_2,6,0.7020542878996708,123.0
1,1210,-E9_2,5,1.104475174244858,115.0
1,1211,-E9_2,5,0.8752728810530687,120.0
1,1212,-E9_2,5,1.5276784382613076,125.0
1,1213,-E9_2,5,1.6501223384206218,130.0
1,1214,-E9_2,4,1.630294954941749,93.0
1,1215,-E9_2,5,1.1938355832297651,98.0
1,1216,-E9_2,5,0.9480995756523036,95.0
1,1217,-E9_2,5,0.8266393870290905,100.0
1,1218,-E9_2,6,0.4623919574877145,106.0
1,1219,-E9_2,7,0.2707526736201856,113.0
1,1220,-E9_2,8,0.19679579305792436,121.0
1,1221,-E9_2,8,0.07956866603019398,129.0
1,1222,-E9_2,9,0.04734953819173075,143.0
1,1223,-E9_2,8,0.16262073811585323,140.0
1,1224,-E9_2,9,0.04455540250284461,149.0
1,1225,-E9_2,10,0.024080605197109847,159.0
1,1226,-E9_2,11,0.01804428478479977,170.0
1,1227,-E9_2,11,0.009855558821016373,181.0
1,1228,-E9_2,11,0.004415658889471389,192.0
1,1229,-E9_2,11,0.002324423891956297,203.0
1,1230,-E9_2,11,0.001125997841204167,214.0
1,1231,-E9_2,11,0.000591876424059009,225.0
1,1232,-E9_2,11,0.00015743482506020822,236.0
1,1233,-E9_2,11,4.2164147309237404e-05,247.0
1,1234,-E9_2,11,1.9379193078031104e-05,258.0
1,1235,-E9_2,11,0.0,269.0
1,1236,-E9_2,10,0.21778087260370907,223.0
1,1237,-E9_2,10,0.020431755110938532,233.0
1,1238,-E9_2,10,0.14090883843844124,243.0
1,1239,-E9_2,10,0.14090883843844124,253.0
1,1240,-E9_2,10,0.011599784191293655,263.0
1,1241,-E9_2,10,0.13181792934753186,273.0
1,1242,-E9_2,10,0.015044614464864665,283.0
1,1243,-E9_2,11,0.0027250684516968954,294.0
1,1244,-E9_2,11,0.0006616060634412647,305.0
1,1245,-E9_2,11,2.3431199036493003e-05,316.0
1,1246,-E9_2,11,0.0,327.0
1,1247,-E9_2,11,0.0,338.0
1,1248,-E9_2,11,0.0,349.0
1,1249,-E9_2,10,0.1490334025922824,299.0
1,1250,-E9_2,10,0.1760317024139907,309.0
1,1251,-E9_2,10,0.22303562958682469,319.0
1,1252,-E9_2,11,0.0,330.0
1,1253,-E9_2,10,0.04197537130285662,339.0
1,1254,-E9_2,10,0.09122492610587675,349.0
1,1255,-E9_2,11,0.0005010296279368897,360.0
1,1256,-E9_2,11,7.770795550474979e-05,371.0
1,1257,-E9_2,11,2.514178856606908e-05,382.0
1,1258,-E9_2,11,0.0,393.0
1,1259,-E9_2,11,0.0,404.0
1,1260,-E9_2,10,0.0,369.0
1,1261,-E9_2,9,0.3779737737290864,321.0
1,1262,-E9_2,8,0.6224767419300191,286.0
1,1263,-E9_2,8,0.675842256071681,294.0
1,1264,-E9_2,10,0.41415765735697146,305.0
1,1265,-E9_2,7,0.4932478818651109,264.0
1,1266,-E9_2,7,0.33882658670639715,228.0
1,1267,-E9_2,6,0.4367810845272015,191.0
1,1268,-E9_2,7,0.30200446745663484,155.0
1,1269,-E9_2,8,0.09229733661083177,120.0
1,1270,-E9_2,8,0.07794171164376372,101.0
1,1271,-E9_2,7,0.11072937897471796,92.0
1,1272,-E9_2,6,0.08129302732192369,92.0
1,1273,-E9_2,7,0.05669622911201011,99.0
1,1274,-E9_2,8,0.050015561696802414,106.0
1,1275,-E9_2,7,0.055862733262142014,112.0
1,1276,-E9_2,9,0.034547424515457885,121.0
1,1277,-E9_2,9,0.11054543608778164,121.0
1,1278,-E9_2,8,0.13485392552688696,110.0
1,1279,-E9_2,6,0.5305255066869687,97.0
1,1280,-E9_2,5,0.6176254176831664,94.0
1,1281,-E9_2,6,0.11716516980812103,100.0
1,1282,-E9_2,7,0.5043598413704257,107.0
1,1283,-E9_2,6,0.8821800933291136,110.0
1,1284,-E9_2,4,1.050580565555143,30.0
1,1285,-E9_2,5,0.925945761769882,40.0
1,1286,-E9_2,4,1.0236393657549274,38.0
1,1287,-E9_2,4,0.9999654197189712,42.0
1,1288,-E9_2,5,1.480960352227646,36.0
1,1289,-E9_2,6,1.17278801082241,42.0
1,1290,-E9_2,6,1.347377778595915,48.0
1,1291,-E9_2,5,1.490902359115471,50.0
1,1292,-E9_2,5,1.471493994896796,55.0
1,1293,-E9_2,5,1.1322163793943136,60.0
1,1294,-E9_2,4,0.9043570249128783,44.0
1,1295,-E9_2,3,0.7831324076486705,33.0
1,1296,-E9_2,2,0.8929958075704226,10.0
1,1297,-E9_2,3,0.8785382496408631,13.0
1,1298,-E9_2,4,0.960202229119929,17.0
1,1299,-E9_2,5,0.7521522056311635,22.0
1,1300,-E9_2,4,1.1478784849276333,22.0
1,1301,-E9_2,4,1.7986910292447749,23.0
1,1302,-E9_2,5,1.5716288652494577,28.0
1,1303,-E9_2,3,2.3790454657228084,12.0
1,1304,-E9_2,3,2.064081699647278,12.0
1,1305,-E9_2,1,1.8464087719890852,9.0
1,1306,-E9_2,2,1.5493727722425255,11.0
1,1307,-E9_2,3,1.6157668266571237,14.0
1,1308,-E9_2,5,1.0136414442969914,19.0
1,1309,-E9_2,6,0.741538878674838,25.0
1,1310,-E9_2,7,0.43723208290932764,32.0
1,1311,-E9_2,6,0.3241671295498583,35.0
1,1312,-E9_2,7,0.18618875986284528,40.0
1,1313,-E9_2,8,0.1891298555662634,47.0
1,1314,-E9_2,10,0.35463887199435634,74.0
1,1315,-E9_2,8,0.37691462698059625,45.0
1,1316,-E9_2,7,0.4094537932172397,42.0
1,1317,-E9_2,9,0.3998741505708409,51.0
1,1318,-E9_2,10,0.21799041815310147,61.0
1,1319,-E9_2,11,0.05315695269651636,72.0
1,1320,-E9_2,11,0.0208410364580698,83.0
1,1321,-E9_2,12,0.009208482158933844,95.0
1,1322,-E9_2,12,0.0013722598789717565,107.0
1,1323,-E9_2,12,0.0003102583136330604,119.0
1,1324,-E9_2,11,0.020347741996847947,123.0
1,1325,-E9_2,10,0.03728750658349942,127.0
1,1326,-E9_2,10,0.04436072188600782,132.0
1,1327,-E9_2,10,0.03616722573061058,142.0
1,1328,-E9_2,11,0.01814980690119879,153.0
1,1329,-E9_2,12,0.005699614720458399,165.0
1,1330,-E9_2,12,0.0023635284482427118,177.0
1,1331,-E9_2,12,0.0009353478682147777,189.0
1,1332,-E9_2,12,0.0002446618216268515,201.0
1,1333,-E9_2,12,7.547746723017004e-05,213.0
1,1334,-E9_2,12,3.3886174880673846e-05,225.0
1,1335,-E9_2,12,0.0,237.0
1,1336,-E9_2,11,0.1253040368668735,229.0
1,1337,-E9_2,11,0.04795839574738362,240.0
1,1338,-E9_2,11,0.21677760410323696,251.0
1,1339,-E9_2,11,0.1038571798573313,262.0
1,1340,-E9_2,12,0.000509091945657163,274.0
1,1341,-E9_2,12,5.8266165775977575e-05,286.0
1,1342,-E9_2,12,0.0,298.0
1,1343,-E9_2,12,0.0,310.0
1,1344,-E9_2,12,0.0,322.0
1,1345,-E9_2,12,0.0,334.0
1,1346,-E9_2,11,0.13170393512700684,313.0
1,1347,-E9_2,11,0.06705026319892722,324.0
1,1348,-E9_2,11,0.20779206645735185,335.0
1,1349,-E9_2,11,0.07546240328711137,346.0
1,1350,-E9_2,10,0.01347074575721152,313.0
1,1351,-E9_2,10,0.1717689511835004,280.0
1,1352,-E9_2,9,0.44150061162313564,246.0
1,1353,-E9_2,8,0.3327859636300541,213.0
1,1354,-E9_2,8,0.3006905496588867,180.0
1,1355,-E9_2,8,0.2267446896642712,147.0
1,1356,-E9_2,6,0.44199438932082447,112.0
1,1357,-E9_2,5,0.4004284989444372,85.0
1,1358,-E9_2,4,0.4174024773479431,58.0
1,1359,-E9_2,5,0.38765652037299003,63.0
1,1360,-E9_2,5,0.42320728779613853,37.0
1,1361,-E9_2,4,0.5242748545097484,20.0
1,1362,-E9_2,4,0.396708301324636,13.0
1,1363,-E9_2,4,0.4020523910394076,16.0
1,1364,-E9_2,5,0.31785337330908014,21.0
1,1365,-E9_2,6,0.24585595969663962,27.0
1,1366,-E9_2,7,0.21670835530609397,34.0
1,1367,-E9_2,8,0.14496236425685435,42.0
1,1368,-E9_2,9,0.12727341289691174,51.0
1,1369,-E9_2,9,0.09569102297579962,60.0
1,1370,-E9_2,10,0.03648202141362984,70.0
1,1371,-E9_2,11,0.01826183033653598,81.0
1,1372,-E9_2,11,0.012819442721449595,92.0
1,1373,-E9_2,12,0.00304795427979313,104.0
1,1374,-E9_2,12,0.0007472629891717834,116.0
1,1375,-E9_2,12,0.0004103706871386241,128.0
1,1376,-E9_2,12,0.00015623787956067485,140.0
1,1377,-E9_2,12,4.608919174735552e-05,152.0
1,1378,-E9_2,12,0.0,164.0
1,1379,-E9_2,12,0.0,176.0
1,1380,-E9_2,12,9.80171324767152e-06,188.0
1,1381,-E9_2,12,0.0,200.0
1,1382,-E9_2,12,0.0,212.0
1,1383,-E9_2,12,0.0,224.0
1,1384,-E9_2,11,0.08141680084513905,209.0
1,1385,-E9_2,10,0.056577868883912495,193.0
1,1386,-E9_2,9,0.25060763304377315,176.0
1,1387,-E9_2,8,0.6506148643704832,160.0
1,1388,-E9_2,8,0.22920788255282565,144.0
1,1389,-E9_2,7,0.34857044163812595,126.0
1,1390,-E9_2,6,0.5795235040102359,108.0
1,1391,-E9_2,6,0.5366540325660855,90.0
1,1392,-E9_2,9,0.5405969845941266,78.0
1,1393,-E9_2,7,0.6729154296607435,79.0
1,1394,-E9_2,7,0.5992533679644861,60.0
1,1395,-E9_2,7,0.3949313702027016,43.0
1,1396,-E9_2,7,0.16704460326044868,27.0
1,1397,-E9_2,9,0.06392787296728601,28.0
1,1398,-E9_2,9,0.06960986302978774,31.0
1,1399,-E9_2,10,0.04912440791427904,41.0
1,1400,-E9_2,11,0.028395967426941667,52.0
1,1401,-E9_2,11,0.025265761449847237,63.0
1,1402,-E9_2,11,0.026222723654353505,74.0
1,1403,-E9_2,11,0.020662157695269565,85.0
1,1404,-E9_2,11,0.03825921072795677,96.0
1,1405,-E9_2,10,0.2433156811647611,98.0
1,1406,-E9_2,9,0.24338996710985947,88.0
1,1407,-E9_2,11,0.02471955832839315,99.0
1,1408,-E9_2,12,0.0025050721472768323,111.0
1,1409,-E9_2,12,0.0005357239965261086,123.0
1,1410,-E9_2,12,0.0001673335293951913,135.0
1,1411,-E9_2,12,0.00010468071261665005,147.0
1,1412,-E9_2,12,0.0,159.0
1,1413,-E9_2,11,0.0589065159007816,152.0
1,1414,-E9_2,11,0.13125196796899288,141.0
1,1415,-E9_2,11,0.11228693798670801,152.0
1,1416,-E9_2,11,0.2261711185420883,163.0
1,1417,-E9_2,11,0.12168340996157546,174.0
1,1418,-E9_2,11,0.013068640247143192,185.0
1,1419,-E9_2,12,0.0008329025911180317,197.0
1,1420,-E9_2,11,0.043785755764547435,185.0
1,1421,-E9_2,11,0.016472257938920112,196.0
1,1422,-E9_2,12,0.0019113447640825224,208.0
1,1423,-E9_2,12,0.00036314278212390156,220.0
1,1424,-E9_2,12,0.0,232.0
1,1425,-E9_2,11,0.1599193105978581,218.0
1,1426,-E9_2,11,0.06234065544559653,229.0
1,1427,-E9_2,11,0.22044169940443434,240.0
1,1428,-E9_2,10,0.17629188749417946,220.0
1,1429,-E9_2,11,0.04229640047912634,231.0
1,1430,-E9_2,12,0.0029431178184063573,243.0
1,1431,-E9_2,12,1.3394310724901808e-05,255.0
1,1432,-E9_2,12,0.0,267.0
1,1433,-E9_2,12,0.0,279.0
1,1434,-E9_2,12,0.0,291.0
1,1435,-E9_2,12,0.006442028693776004,303.0
1,1436,-E9_2,10,0.17514318582029106,254.0
1,1437,-E9_2,10,0.17448453191904623,234.0
1,1438,-E9_2,10,0.28441832656652827,244.0
1,1439,-E9_2,11,0.07917727600219822,255.0
1,1440,-E9_2,11,0.005762762805869895,220.0
1,1441,-E9_2,10,0.19034649262449668,185.0
1,1442,-E9_2,9,0.5148881239554499,149.0
1,1443,-E9_2,8,0.3396439810924906,122.0
1,1444,-E9_2,8,0.2387750010497693,105.0
1,1445,-E9_2,8,0.31250891107753503,98.0
1,1446,-E9_2,5,0.5989657579530434,64.0
1,1447,-E9_2,5,0.3998192268214194,66.0
1,1448,-E9_2,6,0.3749175605798149,71.0
1,1449,-E9_2,6,0.1705167126025705,76.0
1,1450,-E9_2,7,0.09649917070367113,83.0
1,1451,-E9_2,8,0.05169463824412034,91.0
1,1452,-E9_2,11,0.02455126088890008,102.0
1,1453,-E9_2,10,0.08779221684684621,108.0
1,1454,-E9_2,9,0.41218493452039456,87.0
1,1455,-E9_2,7,0.2784705037831677,83.0
1,1456,-E9_2,9,0.374798426298754,92.0
1,1457,-E9_2,9,0.662358588901392,101.0
1,1458,-E9_2,9,0.481556703937626,117.0
1,1459,-E9_2,8,0.7310580738249413,111.0
1,1460,-E9_2,8,0.3619650891349891,119.0
1,1461,-E9_2,8,0.7163074458635845,118.0
1,1462,-E9_2,6,1.206602239239955,90.0
1,1463,-E9_2,5,0.8850325054689173,88.0
1,1464,-E9_2,5,0.9417394221897164,93.0
1,1465,-E9_2,7,0.9539079208536795,125.0
1,1466,-E9_2,6,0.6565989525771068,105.0
1,1467,-E9_2,6,1.0996600428456813,96.0
1,1468,-E9_2,6,1.1394545471436857,102.0
1,1469,-E9_2,6,1.4826463309352969,108.0
1,1470,-E9_2,6,1.6851357213899707,114.0
1,1471,-E9_2,6,1.503556109416153,120.0
1,1472,-E9_2,6,1.7697509275424967,126.0
1,1473,-E9_2,6,1.4069746690239353,132.0
1,1474,-E9_2,5,1.651628926327079,111.0
1,1475,-E9_2,3,1.408658589306864,57.0
1,1476,-E9_2,2,0.8808370725139,11.0
1,1477,-E9_2,1,0.9793219691712595,2.0
1,1478,-E9_2,1,0.8114568452266052,3.0
1,1479,-E9_2,0,1.0095385135110788,0.0
1,1480,-E9_2,0,1.2569031216239044,0.0
1,1481,-E9_2,0,1.4242389853625927,0.0
1,1482,-E9_2,0,1.5290215948632784,0.0
1,1483,-E9_2,0,1.4947457370678323,0.0
1,1484,-E9_2,0,0.8370784322656641,0.0
1,1485,-E9_2,1,1.204773676157725,1.0
1,1486,-E9_2,2,0.9745216972632023,3.0
1,1487,-E9_2,4,0.6954753247368427,48.0
1,1488,-E9_2,4,0.662443213101313,10.0
1,1489,-E9_2,5,0.588714577823572,15.0
1,1490,-E9_2,5,0.37434786353043437,20.0
1,1491,-E9_2,7,0.23535225864215692,27.0
1,1492,-E9_2,7,0.22696985242383808,34.0
1,1493,-E9_2,8,0.16056284737045498,42.0
1,1494,-E9_2,9,0.11568395379431742,51.0
1,1495,-E9_2,8,0.12541785253628904,51.0
1,1496,-E9_2,8,0.24371650575134526,52.0
1,1497,-E9_2,7,0.2932732144125607,53.0
1,1498,-E9_2,9,0.20188673576269792,62.0
1,1499,-E9_2,11,0.0057300710513696115,73.0
1,1500,-E9_2,11,0.0008093091966487164,84.0
1,1501,-E9_2,11,0.00020514474923930738,95.0
1,1502,-E9_2,11,3.832191747223411e-05,106.0
1,1503,-E9_2,11,0.0,117.0
1,1504,-E9_2,11,0.0,128.0
1,1505,-E9_2,9,0.1782297788360272,116.0
1,1506,-E9_2,8,0.21582082916471557,117.0
1,1507,-E9_2,8,0.16637337032101115,125.0
1,1508,-E9_2,9,0.08715729045008008,134.0
1,1509,-E9_2,9,0.06585283582726736,143.0
1,1510,-E9_2,10,0.059012926771041065,153.0
1,1511,-E9_2,10,0.014046328726207324,163.0
1,1512,-E9_2,11,0.0056241053520282615,174.0
1,1513,-E9_2,11,0.0014231658000793074,185.0
1,1514,-E9_2,11,0.0005951787598311658,196.0
1,1515,-E9_2,11,0.000152205354875658,207.0
1,1516,-E9_2,11,4.4041530363427554e-05,218.0
1,1517,-E9_2,11,9.796349835200561e-06,229.0
1,1518,-E9_2,11,0.0,240.0
1,1519,-E9_2,10,0.17955682306465778,224.0
1,1520,-E9_2,10,0.04596935972546643,234.0
1,1521,-E9_2,10,0.2320214612046856,244.0
1,1522,-E9_2,11,0.002554975962020274,255.0
1,1523,-E9_2,11,0.0007483838622333784,266.0
1,1524,-E9_2,11,6.813984771474143e-05,277.0
1,1525,-E9_2,11,1.362201152113769e-05,288.0
1,1526,-E9_2,11,0.0,299.0
1,1527,-E9_2,11,0.0,310.0
1,1528,-E9_2,10,0.2095152955565771,286.0
1,1529,-E9_2,10,0.0398736665885214,296.0
1,1530,-E9_2,9,0.19466196684591636,260.0
1,1531,-E9_2,8,0.16406409583080597,223.0
1,1532,-E9_2,8,0.4459537896880635,187.0
1,1533,-E9_2,7,0.3727671833078002,160.0
1,1534,-E9_2,7,0.3665893748264759,141.0
1,1535,-E9_2,5,0.5565523039858375,120.0
1,1536,-E9_2,4,0.9361288307855966,100.0
1,1537,-E9_2,4,0.8774094351095988,89.0
1,1538,-E9_2,2,0.5624025248950031,43.0
1,1539,-E9_2,4,0.5692323682285471,47.0
1,1540,-E9_2,3,0.9903285362968985,36.0
1,1541,-E9_2,3,0.6822237623927998,5.0
1,1542,-E9_2,3,0.5384990829778108,7.0
1,1543,-E9_2,2,0.47715359228649595,8.0
1,1544,-E9_2,4,0.3351903155830403,12.0
1,1545,-E9_2,5,0.27700573199877593,17.0
1,1546,-E9_2,6,0.24063477161432295,23.0
1,1547,-E9_2,6,0.17753601875546818,29.0
1,1548,-E9_2,6,0.12207045354387067,35.0
1,1549,-E9_2,7,0.07663555682351948,42.0
1,1550,-E9_2,8,0.19302421255002947,41.0
1,1551,-E9_2,9,0.132161912213322,50.0
1,1552,-E9_2,8,0.2254281653227824,50.0
1,1553,-E9_2,9,0.05201790327620228,59.0
1,1554,-E9_2,10,0.000351684295542988,69.0
1,1555,-E9_2,9,0.02516969063682259,77.0
1,1556,-E9_2,8,0.19201266222354602,74.0
1,1557,-E9_2,9,0.04445859715856226,83.0
1,1558,-E9_2,7,0.3897981364352058,62.0
1,1559,-E9_2,5,0.3234301446949842,43.0
1,1560,-E9_2,8,0.26907901764643877,73.0
1,1561,-E9_2,8,0.27769522493052506,58.0
1,1562,-E9_2,7,0.17764882622053196,53.0
1,1563,-E9_2,6,0.34189741149788144,37.0
1,1564,-E9_2,6,0.308092423731696,38.0
1,1565,-E9_2,6,0.43155775275037495,43.0
1,1566,-E9_2,5,0.23482760643763145,47.0
1,1567,-E9_2,5,0.7345943740493291,31.0
1,1568,-E9_2,6,0.8364662328963961,37.0
1,1569,-E9_2,7,0.7253216437507586,47.0
1,1570,-E9_2,5,1.026962085309194,46.0
1,1571,-E9_2,6,0.5806289688642218,52.0
1,1572,-E9_2,7,0.979724252362022,71.0
1,1573,-E9_2,5,1.0424288030620428,50.0
1,1574,-E9_2,4,1.0250599046628233,44.0
1,1575,-E9_2,5,1.1036859073889327,49.0
1,1576,-E9_2,5,0.9263386257286963,54.0
1,1577,-E9_2,7,0.5131228152418659,61.0
1,1578,-E9_2,7,0.1328126713224639,68.0
1,1579,-E9_2,7,0.06192225609452985,75.0
1,1580,-E9_2,7,0.04131014561849055,63.0
1,1581,-E9_2,7,0.03240215267541344,56.0
1,1582,-E9_2,8,0.20923578796137376,63.0
1,1583,-E9_2,8,0.3065662144652564,99.0
1,1584,-E9_2,7,0.189940720657718,76.0
1,1585,-E9_2,6,0.17830297871918596,54.0
1,1586,-E9_2,6,0.20754392955107734,60.0
1,1587,-E9_2,8,0.15549367142541712,83.0
1,1588,-E9_2,7,0.35363558394999245,73.0
1,1589,-E9_2,8,0.5383596250574669,81.0
1,1590,-E9_2,9,0.21185428742824247,90.0
1,1591,-E9_2,8,0.19064229503210742,97.0
1,1592,-E9_2,9,0.30788343240631755,106.0
1,1593,-E9_2,9,0.22270637222662407,115.0
1,1594,-E9_2,10,0.16439966074199738,125.0
1,1595,-E9_2,9,0.13175750373524783,106.0
1,1596,-E9_2,11,0.07097138405720575,117.0
1,1597,-E9_2,11,0.018435114649836323,128.0
1,1598,-E9_2,12,0.0026383608393334354,140.0
1,1599,-E9_2,12,0.00013197920817590965,152.0
1,1600,-E9_2,12,1.539085736532967e-05,164.0
1,1601,-E9_2,12,0.0,176.0
1,1602,-E9_2,11,0.029075000751631015,173.0
1,1603,-E9_2,10,0.18129386005238035,169.0
1,1604,-E9_2,9,0.5125755600352169,172.0
1,1605,-E9_2,9,0.4778923195835641,158.0
1,1606,-E9_2,8,0.3310325361363701,152.0
1,1607,-E9_2,8,0.2224380351605607,149.0
1,1608,-E9_2,9,0.1261223537871631,158.0
1,1609,-E9_2,11,0.05753028160194124,169.0
1,1610,-E9_2,11,0.012603902234830856,180.0
1,1611,-E9_2,12,0.0013176555706731752,192.0
1,1612,-E9_2,12,0.000658835979187256,204.0
1,1613,-E9_2,12,0.0002885676651775209,216.0
1,1614,-E9_2,12,0.0001232326551358657,228.0
1,1615,-E9_2,11,0.18937552839051933,229.0
1,1616,-E9_2,11,0.03308393463074144,240.0
1,1617,-E9_2,11,0.14786548873224212,251.0
1,1618,-E9_2,11,0.22877706253136912,262.0
1,1619,-E9_2,11,0.015789098282909596,273.0
1,1620,-E9_2,10,0.12636715157179068,225.0
1,1621,-E9_2,8,0.3988817821199568,177.0
1,1622,-E9_2,6,0.6817474497213496,130.0
1,1623,-E9_2,7,0.4662531768917271,95.0
1,1624,-E9_2,6,0.6735442276561644,71.0
1,1625,-E9_2,6,0.5340054215799019,48.0
1,1626,-E9_2,4,0.9147952993528886,27.0
1,1627,-E9_2,2,0.6553490516468847,9.0
1,1628,-E9_2,3,0.5347140457902391,4.0
1,1629,-E9_2,4,0.481181969120237,8.0
1,1630,-E9_2,4,0.4503429057404532,12.0
1,1631,-E9_2,4,0.3611114253916947,16.0
1,1632,-E9_2,5,0.18449381325211428,21.0
1,1633,-E9_2,8,0.07069164216715451,39.0
1,1634,-E9_2,9,0.0603050899737305,48.0
1,1635,-E9_2,9,0.0421288343563378,57.0
1,1636,-E9_2,9,0.03636300746568623,57.0
1,1637,-E9_2,10,0.01985776136228057,58.0
1,1638,-E9_2,10,0.014241204753792357,59.0
1,1639,-E9_2,10,0.0754229952598967,62.0
1,1640,-E9_2,9,0.04829313523794396,64.0
1,1641,-E9_2,9,0.16320937774970753,60.0
1,1642,-E9_2,11,0.011364530218501161,88.0
1,1643,-E9_2,10,0.09041161439843809,80.0
1,1644,-E9_2,9,0.3085206456209817,81.0
1,1645,-E9_2,9,0.5509709241307363,90.0
1,1646,-E9_2,9,0.40994842434483586,99.0
1,1647,-E9_2,9,0.6525209520964911,108.0
1,1648,-E9_2,7,0.5552693791610382,90.0
1,1649,-E9_2,7,0.5960470182837583,97.0
1,1650,-E9_2,9,0.8259623460452346,128.0
1,1651,-E9_2,7,0.765813129482385,94.0
1,1652,-E9_2,7,1.346942494975116,101.0
1,1653,-E9_2,7,0.9786002600736414,108.0
1,1654,-E9_2,8,1.1268489770625243,117.0
1,1655,-E9_2,6,1.5503127682372142,107.0
1,1656,-E9_2,5,1.5203616400413995,98.0
1,1657,-E9_2,5,1.6876757244126162,96.0
1,1658,-E9_2,4,1.8414218316102255,99.0
1,1659,-E9_2,4,2.135077002906277,103.0
1,1660,-E9_2,5,1.6713208345615898,108.0
1,1661,-E9_2,5,2.003029719681341,113.0
1,1662,-E9_2,5,1.6510908114739298,116.0
1,1663,-E9_2,4,2.3134611967627614,119.0
1,1664,-E9_2,4,2.6139797556577555,123.0
1,1665,-E9_2,4,2.041269652007765,127.0
1,1666,-E9_2,4,1.6408307734969299,88.0
1,1667,-E9_2,4,1.377906426383948,62.0
1,1668,-E9_2,4,1.0913225618172497,34.0
1,1669,-E9_2,3,0.9243796446786441,5.0
1,1670,-E9_2,2,0.7364523050075836,4.0
1,1671,-E9_2,3,0.5210356692446888,7.0
1,1672,-E9_2,4,0.5192403348385319,11.0
1,1673,-E9_2,5,0.4073505479184672,25.0
1,1674,-E9_2,6,0.4709862558174506,31.0
1,1675,-E9_2,6,0.5085728397097405,26.0
1,1676,-E9_2,6,0.4215765540099403,32.0
1,1677,-E9_2,7,0.41041782412930994,39.0
1,1678,-E9_2,8,0.35961834408033905,47.0
1,1679,-E9_2,9,0.2884881682218307,56.0
1,1680,-E9_2,9,0.13994189992326272,65.0
1,1681,-E9_2,10,0.09302134894470927,75.0
1,1682,-E9_2,11,0.03145916016860433,86.0
1,1683,-E9_2,11,0.015825285375763345,97.0
1,1684,-E9_2,12,0.006907243295723672,109.0
1,1685,-E9_2,13,0.002049512017121167,131.0
1,1686,-E9_2,13,0.0010210908097535777,144.0
1,1687,-E9_2,13,0.0009811476105341876,157.0
1,1688,-E9_2,13,0.000257833302017121,170.0
1,1689,-E9_2,13,0.00014706212713976694,183.0
1,1690,-E9_2,13,2.1125107759438053e-05,196.0
1,1691,-E9_2,13,1.62457765139165e-05,209.0
1,1692,-E9_2,13,0.0,222.0
1,1693,-E9_2,13,0.0,235.0
1,1694,-E9_2,13,0.0,248.0
1,1695,-E9_2,13,0.0,261.0
1,1696,-E9_2,13,0.0,274.0
1,1697,-E9_2,13,0.0,287.0
1,1698,-E9_2,13,0.0,300.0
1,1699,-E9_2,13,0.0,313.0
1,1700,-E9_2,13,0.0,326.0
1,1701,-E9_2,13,0.0,339.0
1,1702,-E9_2,13,0.0,352.0
1,1703,-E9_2,13,0.0,365.0
1,1704,-E9_2,13,0.0,378.0
1,1705,-E9_2,13,0.0,391.0
1,1706,-E9_2,13,0.0,404.0
1,1707,-E9_2,13,0.0,417.0
1,1708,-E9_2,13,0.0,430.0
1,1709,-E9_2,13,0.0,443.0
1,1710,-E9_2,12,0.0,413.0
1,1711,-E9_2,11,0.14754382122127643,383.0
1,1712,-E9_2,10,0.41760097185755346,352.0
1,1713,-E9_2,10,0.0576343861367125,321.0
1,1714,-E9_2,8,0.10419989699325174,288.0
1,1715,-E9_2,7,0.1648604048516312,255.0
1,1716,-E9_2,8,0.25940862082658916,263.0
1,1717,-E9_2,8,0.2535243855799784,271.0
1,1718,-E9_2,8,0.20206487787985628,279.0
1,1719,-E9_2,9,0.19385423644302083,288.0
1,1720,-E9_2,9,0.18807186454795086,297.0
1,1721,-E9_2,9,0.14205170507969547,306.0
1,1722,-E9_2,9,0.09045473065076302,270.0
1,1723,-E9_2,11,0.025474914897591516,281.0
1,1724,-E9_2,11,0.011262142804594116,292.0
1,1725,-E9_2,12,0.0017553764905224865,304.0
1,1726,-E9_2,12,0.0008107700373211701,316.0
1,1727,-E9_2,12,0.00023278029426880253,328.0
1,1728,-E9_2,12,1.943043762485024e-05,340.0
1,1729,-E9_2,11,0.019716351535645753,300.0
1,1730,-E9_2,11,0.01453912993216241,311.0
1,1731,-E9_2,11,0.02825085958431651,307.0
1,1732,-E9_2,10,0.22954465372190067,308.0
1,1733,-E9_2,9,0.16917990714770617,315.0
1,1734,-E9_2,10,0.042132409155336746,325.0
1,1735,-E9_2,11,0.021613090817215047,335.0
1,1736,-E9_2,10,0.02347009817402645,344.0
1,1737,-E9_2,10,0.025291057721340868,354.0
1,1738,-E9_2,10,0.024792782801116253,364.0
1,1739,-E9_2,9,0.12695655306940082,353.0
1,1740,-E9_2,8,0.11426294608502553,343.0
1,1741,-E9_2,7,0.5987940863259157,332.0
1,1742,-E9_2,6,0.8623562725783603,321.0
1,1743,-E9_2,5,0.4713012855441649,318.0
1,1744,-E9_2,6,0.5536732097399728,324.0
1,1745,-E9_2,6,0.7917292856342623,329.0
1,1746,-E9_2,5,0.5474442561914876,333.0
1,1747,-E9_2,5,0.5511081524359038,338.0
1,1748,-E9_2,5,0.4855765813045906,343.0
1,1749,-E9_2,5,0.7652037657767898,348.0
1,1750,-E9_2,6,0.8375771017103376,368.0
1,1751,-E9_2,6,0.592758870312453,374.0
1,1752,-E9_2,6,1.0234934707031549,364.0
1,1753,-E9_2,5,1.264120813835594,368.0
1,1754,-E9_2,5,0.9673021822555331,373.0
1,1755,-E9_2,5,0.7122157731769838,378.0
1,1756,-E9_2,6,0.4038259419240305,384.0
1,1757,-E9_2,7,0.5626579346110275,449.0
1,1758,-E9_2,7,0.4771301450782491,396.0
1,1759,-E9_2,6,0.4753596639779099,322.0
1,1760,-E9_2,8,0.3873072661739753,330.0
1,1761,-E9_2,10,0.22834386926164363,340.0
1,1762,-E9_2,10,0.10318098319739695,350.0
1,1763,-E9_2,11,0.019055896261908567,361.0
1,1764,-E9_2,12,0.00812122905279034,373.0
1,1765,-E9_2,12,0.005021609972012995,385.0
1,1766,-E9_2,12,0.0003017174854418881,397.0
1,1767,-E9_2,11,0.16938933273270826,322.0
1,1768,-E9_2,11,0.0255219079639312,333.0
1,1769,-E9_2,12,0.0026581567937204193,345.0
1,1770,-E9_2,12,0.0007765470686620035,357.0
1,1771,-E9_2,12,3.024422018714501e-05,369.0
1,1772,-E9_2,11,0.04286240682540717,368.0
1,1773,-E9_2,10,0.24080458597550636,366.0
1,1774,-E9_2,9,0.3439858914856094,370.0
1,1775,-E9_2,9,0.239800739175675,379.0
1,1776,-E9_2,10,0.07458037087484982,389.0
1,1777,-E9_2,11,0.03960672523536254,400.0
1,1778,-E9_2,11,0.025479704045042826,411.0
1,1779,-E9_2,11,0.009486115574046326,422.0
1,1780,-E9_2,11,0.009062454924095758,433.0
1,1781,-E9_2,12,0.005543685364031298,445.0
1,1782,-E9_2,12,0.0006859855548573914,457.0
1,1783,-E9_2,12,0.0,469.0
1,1784,-E9_2,12,0.0,481.0
1,1785,-E9_2,11,0.1638615023723103,488.0
1,1786,-E9_2,11,0.08429419774997082,499.0
1,1787,-E9_2,12,0.0007611304578731044,511.0
1,1788,-E9_2,13,0.00012277594055365857,609.0
1,1789,-E9_2,13,4.886082830044079e-05,622.0
1,1790,-E9_2,13,3.5587931975073094e-05,635.0
1,1791,-E9_2,13,3.383176618035719e-05,648.0
1,1792,-E9_2,13,2.0118990915947037e-05,661.0
1,1793,-E9_2,13,0.0,674.0
1,1794,-E9_2,13,5.7256043487482274e-05,687.0
1,1795,-E9_2,13,0.0,700.0
1,1796,-E9_2,13,0.0,713.0
1,1797,-E9_2,13,0.0,726.0
1,1798,-E9_2,13,0.0,739.0
1,1799,-E9_2,13,0.0,752.0
1,1800,-E9_2,12,0.0,721.0
1,1801,-E9_2,11,0.17101915239504673,689.0
1,1802,-E9_2,10,0.43383225306910417,657.0
1,1803,-E9_2,9,0.3163363549355323,624.0
1,1804,-E9_2,9,0.2985298221595165,592.0
1,1805,-E9_2,7,0.5249068273119796,557.0
1,1806,-E9_2,6,0.6850262566674522,533.0
1,1807,-E9_2,6,0.8040740132838444,509.0
1,1808,-E9_2,5,0.4478302943820811,493.0
1,1809,-E9_2,7,0.35926776358104445,394.0
1,1810,-E9_2,9,0.2776965109210235,403.0
1,1811,-E9_2,7,0.4909788363779776,277.0
1,1812,-E9_2,5,0.6915022156386352,148.0
1,1813,-E9_2,5,0.5495758909423402,13.0
1,1814,-E9_2,4,0.542418098089248,11.0
1,1815,-E9_2,4,0.3992929436293633,15.0
1,1816,-E9_2,5,0.23942197478984975,20.0
1,1817,-E9_2,6,0.18318606009754043,26.0
1,1818,-E9_2,6,0.20269523697136915,32.0
1,1819,-E9_2,6,0.1617039626000344,38.0
1,1820,-E9_2,9,0.0672581005340068,47.0
1,1821,-E9_2,10,0.02858754907430987,57.0
1,1822,-E9_2,11,0.012485925307356528,68.0
1,1823,-E9_2,10,0.017861704173005595,72.0
1,1824,-E9_2,11,0.00376152174013434,83.0
1,1825,-E9_2,11,0.0015543973417345772,94.0
1,1826,-E9_2,11,0.008887387781147506,105.0
1,1827,-E9_2,10,0.01720404512643894,108.0
1,1828,-E9_2,11,0.0023748281926835755,119.0
1,1829,-E9_2,10,0.08131237577909368,121.0
1,1830,-E9_2,9,0.08563966592419318,122.0
1,1831,-E9_2,9,0.23921307104375975,131.0
1,1832,-E9_2,10,0.3517375010725259,164.0
1,1833,-E9_2,9,0.12710405322164517,149.0
1,1834,-E9_2,7,0.6834889314345773,118.0
1,1835,-E9_2,7,0.7605240999864601,110.0
1,1836,-E9_2,7,0.849965331676861,117.0
1,1837,-E9_2,7,0.9610766946366809,115.0
1,1838,-E9_2,7,0.23557354412608714,119.0
1,1839,-E9_2,7,1.2223996031883069,124.0
1,1840,-E9_2,6,1.0580852136966177,128.0
1,1841,-E9_2,6,1.6046296631084607,134.0
1,1842,-E9_2,7,1.2454869329765756,146.0
1,1843,-E9_2,5,1.574857132234582,141.0
1,1844,-E9_2,5,1.4874918136955562,146.0
1,1845,-E9_2,6,0.9636014093692873,185.0
1,1846,-E9_2,5,1.3210982854736018,122.0
1,1847,-E9_2,5,1.5038923797340864,93.0
1,1848,-E9_2,5,1.1163349897027792,64.0
1,1849,-E9_2,8,0.23634440522222838,39.0
1,1850,-E9_2,5,0.6100393751557932,15.0
1,1851,-E9_2,7,0.7240365490083263,20.0
1,1852,-E9_2,9,0.3245951176260065,29.0
1,1853,-E9_2,9,0.2460954318827659,37.0
1,1854,-E9_2,8,0.5263446964113299,44.0
1,1855,-E9_2,7,0.580213209868824,48.0
1,1856,-E9_2,6,0.7665934421607212,47.0
1,1857,-E9_2,6,0.44541323942191247,53.0
1,1858,-E9_2,7,0.339972252912606,60.0
1,1859,-E9_2,7,0.31722534978643185,67.0
1,1860,-E9_2,7,0.2521827851273979,74.0
1,1861,-E9_2,7,0.14224147429393905,81.0
1,1862,-E9_2,7,0.12023906117741809,88.0
1,1863,-E9_2,7,0.07589118526262531,95.0
1,1864,-E9_2,7,0.07860585853554633,102.0
1,1865,-E9_2,9,0.09179976944063016,111.0
1,1866,-E9_2,9,0.06703041176515405,120.0
1,1867,-E9_2,11,0.01675112313516526,131.0
1,1868,-E9_2,11,0.007122784515940627,142.0
1,1869,-E9_2,11,0.00024019418149707447,153.0
1,1870,-E9_2,11,4.583207219005315e-05,164.0
1,1871,-E9_2,10,0.1829332496424497,154.0
1,1872,-E9_2,10,0.12396499329979599,164.0
1,1873,-E9_2,9,0.313353050178183,165.0
1,1874,-E9_2,9,0.11995552556110133,167.0
1,1875,-E9_2,11,0.17927055673161474,163.0
1,1876,-E9_2,10,0.168617367172635,163.0
1,1877,-E9_2,9,0.4117337680303461,169.0
1,1878,-E9_2,9,0.33820540169438407,178.0
1,1879,-E9_2,9,0.17494893488917418,187.0
1,1880,-E9_2,10,0.08669074278610682,197.0
1,1881,-E9_2,10,0.11626205367353482,191.0
1,1882,-E9_2,11,0.0904724143132024,195.0
1,1883,-E9_2,11,0.015740067936026444,206.0
1,1884,-E9_2,12,0.0022483499022565717,218.0
1,1885,-E9_2,12,0.000532647302970939,230.0
1,1886,-E9_2,12,0.00023482151965672333,242.0
1,1887,-E9_2,12,1.3324728951929048e-05,254.0
1,1888,-E9_2,11,0.031732385628048275,257.0
1,1889,-E9_2,11,0.009916131490368484,268.0
1,1890,-E9_2,10,0.10361651489622563,226.0
1,1891,-E9_2,10,0.15399320194292507,192.0
1,1892,-E9_2,9,0.38483565232970723,158.0
1,1893,-E9_2,8,0.3676301474039922,124.0
1,1894,-E9_2,7,0.6344486678913184,95.0
1,1895,-E9_2,6,1.0440415341096199,73.0
1,1896,-E9_2,5,0.6937463177797913,42.0
1,1897,-E9_2,4,0.6256188199406455,26.0
1,1898,-E9_2,4,0.4871222174573061,23.0
1,1899,-E9_2,4,0.4166292568076598,26.0
1,1900,-E9_2,6,0.23802919954963545,36.0
1,1901,-E9_2,4,0.6526575398478471,30.0
1,1902,-E9_2,3,0.8828366615177398,30.0
1,1903,-E9_2,3,1.0544748835473963,9.0
1,1904,-E9_2,2,1.054529462187972,10.0
1,1905,-E9_2,5,0.8702874244636436,15.0
1,1906,-E9_2,6,0.1989149839402968,21.0
1,1907,-E9_2,7,0.6715085108442967,28.0
1,1908,-E9_2,8,0.7563346248134867,36.0
1,1909,-E9_2,7,0.22908723997835392,39.0
1,1910,-E9_2,6,1.0657604065967452,42.0
1,1911,-E9_2,5,0.7826157825491556,44.0
1,1912,-E9_2,4,1.3692594164970053,33.0
1,1913,-E9_2,4,2.0746499962061935,37.0
1,1914,-E9_2,3,1.6296761341269872,29.0
1,1915,-E9_2,4,1.8021120671527011,33.0
1,1916,-E9_2,4,1.6509923659269115,37.0
1,1917,-E9_2,5,1.481085184950145,44.0
1,1918,-E9_2,3,1.3016526668694983,31.0
1,1919,-E9_2,2,0.9582716485203425,20.0
1,1920,-E9_2,1,1.2384041144436189,1.0
1,1921,-E9_2,4,0.8805128954299315,5.0
1,1922,-E9_2,2,1.0577912001627607,5.0
1,1923,-E9_2,2,1.4475046656149162,7.0
1,1924,-E9_2,6,0.9630992477597058,31.0
1,1925,-E9_2,4,1.1183788633875953,21.0
1,1926,-E9_2,3,1.646654945812244,17.0
1,1927,-E9_2,1,1.3885968235275048,14.0
1,1928,-E9_2,2,1.972949884165323,16.0
1,1929,-E9_2,2,1.5718530308752447,2.0
1,1930,-E9_2,4,1.9146142432362256,6.0
1,1931,-E9_2,4,1.8034535539916026,8.0
1,1932,-E9_2,4,2.4415291377802575,11.0
1,1933,-E9_2,3,2.419049112259371,13.0
1,1934,-E9_2,3,2.0160347155510814,16.0
1,1935,-E9_2,3,1.5337070187918018,19.0
1,1936,-E9_2,5,1.143992558007435,24.0
1,1937,-E9_2,5,0.5662748338908508,29.0
1,1938,-E9_2,6,0.8127906582158019,33.0
1,1939,-E9_2,7,0.6399975157697861,51.0
1,1940,-E9_2,7,0.5829765034780503,45.0
1,1941,-E9_2,7,0.5848492911442046,40.0
1,1942,-E9_2,8,0.40169437995078733,36.0
1,1943,-E9_2,7,0.42128013759605504,29.0
1,1944,-E9_2,6,0.5104717150343995,34.0
1,1945,-E9_2,7,0.4323556990778363,41.0
1,1946,-E9_2,9,0.098632186017834,50.0
1,1947,-E9_2,9,0.2567428939719545,59.0
1,1948,-E9_2,10,0.01955324563589669,69.0
1,1949,-E9_2,11,0.004418313936701842,80.0
1,1950,-E9_2,11,0.0019231078345305678,91.0
1,1951,-E9_2,11,0.001323381478485066,102.0
1,1952,-E9_2,11,0.0005907328208852934,113.0
1,1953,-E9_2,11,0.0002400297682935825,124.0
1,1954,-E9_2,11,0.00012921298587020272,135.0
1,1955,-E9_2,11,6.012054886744299e-05,146.0
1,1956,-E9_2,11,3.103025888651033e-05,157.0
1,1957,-E9_2,11,0.0,168.0
1,1958,-E9_2,10,0.2294071460058066,166.0
1,1959,-E9_2,10,0.0786070762026194,176.0
1,1960,-E9_2,10,0.04458179996680236,186.0
1,1961,-E9_2,10,0.009164411697982834,196.0
1,1962,-E9_2,11,0.0008292648160633,207.0
1,1963,-E9_2,11,0.0001376648796320941,218.0
1,1964,-E9_2,11,0.0,229.0
1,1965,-E9_2,11,0.0,240.0
1,1966,-E9_2,11,0.0,251.0
1,1967,-E9_2,11,0.0,262.0
1,1968,-E9_2,11,0.16380073411079746,272.0
1,1969,-E9_2,10,0.148589452027538,263.0
1,1970,-E9_2,10,0.1454519342613617,273.0
1,1971,-E9_2,10,0.08648652428913571,283.0
1,1972,-E9_2,11,0.010608773808214999,294.0
1,1973,-E9_2,12,0.004350084040010129,306.0
1,1974,-E9_2,12,0.0006339303895850033,318.0
1,1975,-E9_2,12,0.00013933274203443906,330.0
1,1976,-E9_2,12,3.045071544874431e-05,342.0
1,1977,-E9_2,12,0.0,354.0
1,1978,-E9_2,12,0.0,366.0
1,1979,-E9_2,12,0.0,378.0
1,1980,-E9_2,11,0.0,345.0
1,1981,-E9_2,10,0.12464336214746927,312.0
1,1982,-E9_2,9,0.348145707499082,278.0
1,1983,-E9_2,9,0.2987308002085425,287.0
1,1984,-E9_2,10,0.4397333084179461,298.0
1,1985,-E9_2,8,0.3563976614586059,259.0
1,1986,-E9_2,7,0.367704313022708,221.0
1,1987,-E9_2,6,0.4020544619661584,182.0
1,1988,-E9_2,6,0.4095566051965424,145.0
1,1989,-E9_2,7,0.3451109765282027,109.0
1,1990,-E9_2,6,0.3020983668756976,73.0
1,1991,-E9_2,6,0.14129492386494447,50.0
1,1992,-E9_2,8,0.06341084441387403,58.0
1,1993,-E9_2,9,0.051969779723746216,46.0
1,1994,-E9_2,10,0.02586268710571462,35.0
1,1995,-E9_2,11,0.01415941187287121,46.0
1,1996,-E9_2,11,0.005712394884001234,57.0
1,1997,-E9_2,11,0.001317346738049406,68.0
1,1998,-E9_2,11,0.00035106814706920665,79.0
1,1999,-E9_2,11,9.122005741995773e-05,90.0
